{
  "id" : "1nm8n5r86jk7o7c95w7d",
  "name" : "contributions_ozone_socioeconomic_emission_analysis",
  "description" : "",
  "owner" : "111111",
  "confidential" : "FALSE",
  "edges" : "[{\"source\":{\"title\":\"county_based_analysis_urban_percentile_stats\",\"id\":\"siuqy6-gK1Yc\",\"x\":498.3089904785156,\"y\":483.99591064453125},\"target\":{\"title\":\"zipcode_based_analysis\",\"id\":\"ds0xt2-wu5jg\",\"x\":476.2536315917969,\"y\":573.5023803710938}},{\"source\":{\"title\":\"zipcode_based_analysis\",\"id\":\"ds0xt2-wu5jg\",\"x\":476.2536315917969,\"y\":573.5023803710938},\"target\":{\"title\":\"zipcode_based_emission_meteorological_analysis (annual data)\",\"id\":\"4r6lcc-27Utt\",\"x\":653.243896484375,\"y\":690.2359924316406}},{\"source\":{\"title\":\"zipcode_based_emission_meteorological_analysis (annual data)\",\"id\":\"4r6lcc-27Utt\",\"x\":653.243896484375,\"y\":690.2359924316406},\"target\":{\"title\":\"interactive_map_combining_emission_industry_results\",\"id\":\"58mlc3-o4Ubd\",\"x\":957.1044311523438,\"y\":600.9073791503906}}]",
  "nodes" : "[{\"title\":\"county_based_analysis_urban_percentile_stats\",\"id\":\"siuqy6-gK1Yc\",\"x\":498.3089904785156,\"y\":483.99591064453125},{\"title\":\"zipcode_based_analysis\",\"id\":\"ds0xt2-wu5jg\",\"x\":476.2536315917969,\"y\":573.5023803710938},{\"title\":\"zipcode_based_emission_meteorological_analysis (annual data)\",\"id\":\"4r6lcc-27Utt\",\"x\":653.243896484375,\"y\":690.2359924316406},{\"title\":\"interactive_map_combining_emission_industry_results\",\"id\":\"58mlc3-o4Ubd\",\"x\":957.1044311523438,\"y\":600.9073791503906}]"
}
