{
  "id" : "inyswfbur7iss8e6agff",
  "name" : "final_workflow",
  "description" : "final_workflow\n",
  "owner" : "111111",
  "confidential" : "FALSE",
  "edges" : "[{\"source\":{\"title\":\"environment_setting\",\"id\":\"9xdvh6-YpZM5\",\"x\":186.501953125,\"y\":369.4045181274414},\"target\":{\"title\":\"text_to_csv_20_21\",\"id\":\"55afa1-Bwv3Z\",\"x\":326.8588562011719,\"y\":374.63196563720703}},{\"source\":{\"title\":\"text_to_csv_20_21\",\"id\":\"55afa1-Bwv3Z\",\"x\":326.8588562011719,\"y\":374.63196563720703},\"target\":{\"title\":\"preprocessing_training_data\",\"id\":\"gyhv1i-mrOnM\",\"x\":464.0924072265625,\"y\":382.09130859375}},{\"source\":{\"title\":\"cmaq_2021_training_data\",\"id\":\"q9oo80-3Vrvx\",\"x\":267.09967041015625,\"y\":218.59552001953125},\"target\":{\"title\":\"text_to_csv_20_21\",\"id\":\"55afa1-Bwv3Z\",\"x\":326.8588562011719,\"y\":374.63196563720703}},{\"source\":{\"title\":\"preprocessing_training_data\",\"id\":\"gyhv1i-mrOnM\",\"x\":464.0924072265625,\"y\":382.09130859375},\"target\":{\"title\":\"exploratory_data_analysis\",\"id\":\"smwp7r-FNsB4\",\"x\":621.0376129150391,\"y\":388.04705810546875}},{\"source\":{\"title\":\"exploratory_data_analysis\",\"id\":\"smwp7r-FNsB4\",\"x\":621.0376129150391,\"y\":388.04705810546875},\"target\":{\"title\":\"training_autokeras\",\"id\":\"5o4fxj-b6sF8\",\"x\":799.587646484375,\"y\":390.1355895996094}},{\"source\":{\"title\":\"exploratory_data_analysis\",\"id\":\"smwp7r-FNsB4\",\"x\":621.0376129150391,\"y\":388.04705810546875},\"target\":{\"title\":\"training_xgboost\",\"id\":\"106i1i-8P4YG\",\"x\":795,\"y\":217}},{\"source\":{\"title\":\"exploratory_data_analysis\",\"id\":\"smwp7r-FNsB4\",\"x\":621.0376129150391,\"y\":388.04705810546875},\"target\":{\"title\":\"training_random_forest\",\"id\":\"q2io1w-b65Oc\",\"x\":801.0447387695312,\"y\":560.6756591796875}},{\"source\":{\"title\":\"training_autokeras\",\"id\":\"5o4fxj-b6sF8\",\"x\":799.587646484375,\"y\":390.1355895996094},\"target\":{\"title\":\"model_comparison\",\"id\":\"nuklx4-AsE40\",\"x\":996.0784912109375,\"y\":393.04037857055664}},{\"source\":{\"title\":\"training_xgboost\",\"id\":\"106i1i-8P4YG\",\"x\":795,\"y\":217},\"target\":{\"title\":\"model_comparison\",\"id\":\"nuklx4-AsE40\",\"x\":996.0784912109375,\"y\":393.04037857055664}},{\"source\":{\"title\":\"training_random_forest\",\"id\":\"q2io1w-b65Oc\",\"x\":801.0447387695312,\"y\":560.6756591796875},\"target\":{\"title\":\"model_comparison\",\"id\":\"nuklx4-AsE40\",\"x\":996.0784912109375,\"y\":393.04037857055664}},{\"source\":{\"title\":\"data_daily_CMAQ_ncl\",\"id\":\"3ymzeo-dqpVa\",\"x\":1178.8460626602173,\"y\":-65.4482192993164},\"target\":{\"title\":\"text_to_csv_daily\",\"id\":\"tf0wia-r48SL\",\"x\":1188.9031372070312,\"y\":55.092979431152344}},{\"source\":{\"title\":\"text_to_csv_daily\",\"id\":\"tf0wia-r48SL\",\"x\":1188.9031372070312,\"y\":55.092979431152344},\"target\":{\"title\":\"pre_processing\",\"id\":\"im9rct-c0f3k\",\"x\":1183.93679189682,\"y\":193.59548950195312}},{\"source\":{\"title\":\"pre_processing\",\"id\":\"im9rct-c0f3k\",\"x\":1183.93679189682,\"y\":193.59548950195312},\"target\":{\"title\":\"prediction_xgboost\",\"id\":\"mx09zi-H21vR\",\"x\":1194.035400390625,\"y\":383.8162841796875}},{\"source\":{\"title\":\"model_comparison\",\"id\":\"nuklx4-AsE40\",\"x\":996.0784912109375,\"y\":393.04037857055664},\"target\":{\"title\":\"prediction_xgboost\",\"id\":\"mx09zi-H21vR\",\"x\":1194.035400390625,\"y\":383.8162841796875}},{\"source\":{\"title\":\"prediction_xgboost\",\"id\":\"mx09zi-H21vR\",\"x\":1194.035400390625,\"y\":383.8162841796875},\"target\":{\"title\":\"prediction_visualization\",\"id\":\"uzx599-Sbgy7\",\"x\":1341.23046875,\"y\":386.0819396972656}}]",
  "nodes" : "[{\"title\":\"environment_setting\",\"id\":\"9xdvh6-YpZM5\",\"x\":186.501953125,\"y\":369.4045181274414},{\"title\":\"text_to_csv_20_21\",\"id\":\"55afa1-Bwv3Z\",\"x\":326.8588562011719,\"y\":374.63196563720703},{\"title\":\"preprocessing_training_data\",\"id\":\"gyhv1i-mrOnM\",\"x\":464.0924072265625,\"y\":382.09130859375},{\"title\":\"cmaq_2021_training_data\",\"id\":\"q9oo80-3Vrvx\",\"x\":267.09967041015625,\"y\":218.59552001953125},{\"title\":\"data_daily_CMAQ_ncl\",\"id\":\"3ymzeo-dqpVa\",\"x\":1178.8460626602173,\"y\":-65.4482192993164},{\"title\":\"exploratory_data_analysis\",\"id\":\"smwp7r-FNsB4\",\"x\":621.0376129150391,\"y\":388.04705810546875},{\"title\":\"training_xgboost\",\"id\":\"106i1i-8P4YG\",\"x\":795,\"y\":217},{\"title\":\"training_random_forest\",\"id\":\"q2io1w-b65Oc\",\"x\":801.0447387695312,\"y\":560.6756591796875},{\"title\":\"training_autokeras\",\"id\":\"5o4fxj-b6sF8\",\"x\":799.587646484375,\"y\":390.1355895996094},{\"title\":\"model_comparison\",\"id\":\"nuklx4-AsE40\",\"x\":996.0784912109375,\"y\":393.04037857055664},{\"title\":\"prediction_xgboost\",\"id\":\"mx09zi-H21vR\",\"x\":1194.035400390625,\"y\":383.8162841796875},{\"title\":\"text_to_csv_daily\",\"id\":\"tf0wia-r48SL\",\"x\":1188.9031372070312,\"y\":55.092979431152344},{\"title\":\"pre_processing\",\"id\":\"im9rct-c0f3k\",\"x\":1183.93679189682,\"y\":193.59548950195312},{\"title\":\"prediction_visualization\",\"id\":\"uzx599-Sbgy7\",\"x\":1341.23046875,\"y\":386.0819396972656}]"
}
