{
  "id" : "7mpetbqiwcnpyodzpfyp",
  "name" : "shell_test",
  "description" : "shell_test",
  "owner" : "111111",
  "confidential" : "FALSE",
  "edges" : "[{\"source\":{\"title\":\"text_to_csv_2020\",\"id\":\"r41da2-1RVbu\",\"x\":296.5054931640625,\"y\":321.29644775390625,\"color\":\"green\"},\"target\":{\"title\":\"exploratotry_data_analysis\",\"id\":\"wfd3c5-D5sjL\",\"x\":529.1695556640625,\"y\":429.5117492675781,\"color\":\"green\"}},{\"source\":{\"title\":\"text_to_csv_2021\",\"id\":\"ol8aa4-xsXR3\",\"x\":335.0963439941406,\"y\":531.4772720336914,\"color\":\"green\"},\"target\":{\"title\":\"exploratotry_data_analysis\",\"id\":\"wfd3c5-D5sjL\",\"x\":529.1695556640625,\"y\":429.5117492675781,\"color\":\"green\"}},{\"source\":{\"title\":\"exploratotry_data_analysis\",\"id\":\"wfd3c5-D5sjL\",\"x\":529.1695556640625,\"y\":429.5117492675781,\"color\":\"green\"},\"target\":{\"title\":\"pre_processing\",\"id\":\"ftn2kp-ArgIY\",\"x\":739.3431396484375,\"y\":423.2447052001953,\"color\":\"green\"}}]",
  "nodes" : "[{\"title\":\"text_to_csv_2021\",\"id\":\"ol8aa4-xsXR3\",\"x\":335.0963439941406,\"y\":531.4772720336914,\"color\":\"green\"},{\"title\":\"text_to_csv_2020\",\"id\":\"r41da2-1RVbu\",\"x\":296.5054931640625,\"y\":321.29644775390625,\"color\":\"green\"},{\"title\":\"exploratotry_data_analysis\",\"id\":\"wfd3c5-D5sjL\",\"x\":529.1695556640625,\"y\":429.5117492675781,\"color\":\"green\"},{\"title\":\"pre_processing\",\"id\":\"ftn2kp-ArgIY\",\"x\":739.3431396484375,\"y\":423.2447052001953,\"color\":\"green\"}]"
}
