{
  "id" : "fsmtcbglml3hos1d5hn5",
  "name" : "explainable_ozone_regional_data",
  "description" : "",
  "owner" : "kt49e6nozb",
  "confidential" : "FALSE",
  "edges" : "[{\"source\":{\"title\":\"merging_socio_ruralatlasdata\",\"id\":\"z1nzuz-z3zE2\",\"x\":308,\"y\":372.5,\"color\":\"white\"},\"target\":{\"title\":\"exploratory_data_temporal alignment\",\"id\":\"yajwqt-mcwH0\",\"x\":849.1066284179688,\"y\":380.90582275390625,\"color\":\"white\"}},{\"source\":{\"title\":\"exploratory_data_temporal alignment\",\"id\":\"yajwqt-mcwH0\",\"x\":849.1066284179688,\"y\":380.90582275390625,\"color\":\"white\"},\"target\":{\"title\":\"summary_statistics\",\"id\":\"p9jw50-buFsT\",\"x\":554.336669921875,\"y\":490.8642883300781,\"color\":\"white\"}},{\"source\":{\"title\":\"summary_statistics\",\"id\":\"p9jw50-buFsT\",\"x\":554.336669921875,\"y\":490.8642883300781,\"color\":\"white\"},\"target\":{\"title\":\"correlation_analysis\",\"id\":\"kxf59u-d2xqY\",\"x\":870.4961547851562,\"y\":582.7955322265625,\"color\":\"white\"}},{\"source\":{\"title\":\"correlation_analysis\",\"id\":\"kxf59u-d2xqY\",\"x\":870.4961547851562,\"y\":582.7955322265625,\"color\":\"white\"},\"target\":{\"title\":\"spatial_analysis_cbp\",\"id\":\"8ww7ga-i55jN\",\"x\":711.2254028320312,\"y\":743.0162353515625,\"color\":\"white\"}},{\"source\":{\"title\":\"spatial_analysis_cbp\",\"id\":\"8ww7ga-i55jN\",\"x\":711.2254028320312,\"y\":743.0162353515625,\"color\":\"white\"},\"target\":{\"title\":\"flight_epa_analysis\",\"id\":\"pica37-MwLh6\",\"x\":931.1355590820312,\"y\":742.0162048339844,\"color\":\"white\"}}]",
  "nodes" : "[{\"title\":\"exploratory_data_temporal alignment\",\"id\":\"yajwqt-mcwH0\",\"x\":849.1066284179688,\"y\":380.90582275390625,\"color\":\"white\"},{\"title\":\"merging_socio_ruralatlasdata\",\"id\":\"z1nzuz-z3zE2\",\"x\":308,\"y\":372.5,\"color\":\"white\"},{\"title\":\"summary_statistics\",\"id\":\"p9jw50-buFsT\",\"x\":554.336669921875,\"y\":490.8642883300781,\"color\":\"white\"},{\"title\":\"correlation_analysis\",\"id\":\"kxf59u-d2xqY\",\"x\":870.4961547851562,\"y\":582.7955322265625,\"color\":\"white\"},{\"title\":\"flight_epa_analysis\",\"id\":\"pica37-MwLh6\",\"x\":931.1355590820312,\"y\":742.0162048339844,\"color\":\"white\"},{\"title\":\"spatial_analysis_cbp\",\"id\":\"8ww7ga-i55jN\",\"x\":711.2254028320312,\"y\":743.0162353515625,\"color\":\"white\"},{\"title\":\"xgboost_castneto3_shap\",\"id\":\"2qiou7-fyLm4\",\"x\":399.7727966308594,\"y\":609.7265625,\"color\":\"white\"},{\"title\":\"XG_boost model gmu data ozone estimation\",\"id\":\"k0fm18-HIu72\",\"x\":408.3728942871094,\"y\":689.277099609375,\"color\":\"white\"}]"
}
