[{
  "history_id" : "LKWJ84hQ8sHfDYtWif",
  "history_input" : "yajwqt-mcwH0;z1nzuz-z3zE2;p9jw50-buFsT;kxf59u-d2xqY;pica37-MwLh6;8ww7ga-i55jN;2qiou7-fyLm4;k0fm18-HIu72;",
  "history_output" : "s8e9wxrktg5;xu23bds49x6;wlcb73yk0p5;d723i8hgr8y;bhuq62c34l7;se4801yjbm5;ymhx2qjymkx;t8qwpslftv7;",
  "history_begin_time" : 1721837515683,
  "history_end_time" : 1721837518845,
  "history_notes" : null,
  "history_process" : "fsmtcbglml3hos1d5hn5",
  "host_id" : "100001;",
  "indicator" : "Failed"
},{
  "history_id" : "yrtuI9QxWwn1vR5Opp",
  "history_input" : "yajwqt-mcwH0;z1nzuz-z3zE2;p9jw50-buFsT;kxf59u-d2xqY;k0fm18-Bkcfu;",
  "history_output" : "j2oxz8m0cod;79yvr2el49a;uxouc826vag;hbqkbio4nhb;bcay72zyz26;",
  "history_begin_time" : 1721422165516,
  "history_end_time" : 1721422166698,
  "history_notes" : null,
  "history_process" : "fsmtcbglml3hos1d5hn5",
  "host_id" : "100001;",
  "indicator" : "Failed"
}]
