[{
  "history_id" : "t8qwpslftv7",
  "history_input" : "import pandas as pd\nimport xgboost as xgb\nfrom sklearn.model_selection import train_test_split\nfrom sklearn.metrics import mean_squared_error\nimport shap\nimport numpy as np\nimport plotly.express as px\n\n# Load the data\nfilepath = \"/Users/sahiti/Downloads/updated_training_one_sites.csv\"\ndf = pd.read_csv(filepath)\n\n# Drop rows with missing values\ndf = df.dropna()\n\n# Print column names\nprint(df.columns)\nprint(df['hours'].unique())\n\n# Select a few random station IDs\n# unique_stations = df['StationID'].unique()\n# selected_stations = np.random.choice(unique_stations, 6, replace=False)\n# df_selected = df[df['StationID'].isin(selected_stations)]\n# \n\n# Specify the counties you want to include\nspecified_counties = ['Kewaunee County', 'Cedar County', 'Riverside County', 'Bruce County', 'Washington County', 'Taylor County']\ndf_selected = df[df['County'].isin(specified_counties)]\n\n# pick which time to keep standard\ndf_selected = df_selected[df_selected['hours'] == 14]\n\n# Ensure 'County' is included in the DataFrame\nprint(df_selected['County'].unique())\n\n# Select features and target variable, excluding the 'County' column during training\nX = df_selected.drop(labels=['CMAQ12KM_O3(ppb)', 'AirNOW_O3', 'StationID', 'Latitude_x', 'Longitude_x', 'Latitude_y', 'Longitude_y', 'month', 'hours', 'day', 'County'], axis=1)\ny = df_selected['AirNOW_O3']\n\n# Split the data into training and testing sets\nX_train, X_test, y_train, y_test = train_test_split(X, y, test_size=0.2, random_state=42)\n\n# Initialize and train the XGBoost model\nparams = {\"learning_rate\": 0.01, \"max_depth\": 4}\ndtrain = xgb.DMatrix(X_train, label=y_train)\nbst = xgb.train(params, dtrain, num_boost_round=1000)\n\n# Testing the XGBoost model\ndtest = xgb.DMatrix(X_test)\ny_pred = bst.predict(dtest)\nrmse = np.sqrt(mean_squared_error(y_test, y_pred))\nprint(f\"RMSE: {rmse}\")\n\n# Calculate feature importance\nimportance_df = pd.DataFrame({\n    'Feature': bst.get_score(importance_type='weight').keys(),\n    'Importance': bst.get_score(importance_type='weight').values()\n}).sort_values(by='Importance', ascending=False)\n\nprint(\"XGBoost Feature Importances:\")\nprint(importance_df)\n\n# Initialize the SHAP explainer\nexplainer = shap.Explainer(bst, X_train)\n\n# Calculate SHAP values\nshap_values = explainer(X_test)\n\n# Get the feature importances from SHAP values\nshap_importance_df = pd.DataFrame({\n    'Feature': X.columns,\n    'Importance': np.mean(np.abs(shap_values.values), axis=0)\n}).sort_values(by='Importance', ascending=False)\n\nprint(\"SHAP Feature Importances:\")\nprint(shap_importance_df)\n\n# Identify the most important feature per row\nshap_values_abs = np.abs(shap_values.values)\nmost_important_features_per_row = X_test.columns[np.argmax(shap_values_abs, axis=1)]\ndf_most_important_per_row = pd.DataFrame({\n    'Most Important Feature': most_important_features_per_row\n})\n\n# Print the most important feature for the first few rows\nprint(\"Most Important Feature per Row:\")\nprint(df_most_important_per_row.head())\n\n# Select top 7 important features for scatter plots\ntop_features = importance_df['Feature'].head(11).values\n\n# Create scatter plots for the top 7 features with county names\nfor feature in top_features:\n    fig = px.scatter(df_selected, x=feature, y='AirNOW_O3', color='County',\n                     title=f'GMU Data: Scatter plot of {feature} vs AirNOW_O3',\n                     labels={'County': 'County'},\n                     color_discrete_sequence=px.colors.qualitative.Plotly)\n    fig.update_layout(\n        xaxis_title=feature,\n        yaxis_title='AirNOW_O3',\n        xaxis=dict(showgrid=True, zeroline=True),\n        yaxis=dict(showgrid=True, zeroline=True)\n    )\n    fig.show()\n\n# Plot SHAP summary plot\nshap.summary_plot(shap_values, X_test)\nplt.show()\n\n# Plot SHAP dependence plot for a specific feature\nshap.dependence_plot(\"SO2\", shap_values, X_test)\nplt.show()\n",
  "history_output" : "Traceback (most recent call last):\n  File \"/Users/rahulpremanand/gw-workspace/t8qwpslftv7/XG_boost model gmu data ozone estimation.py\", line 2, in <module>\n    import xgboost as xgb\nModuleNotFoundError: No module named 'xgboost'\n",
  "history_begin_time" : 1721837516823,
  "history_end_time" : 1721837517454,
  "history_notes" : null,
  "history_process" : "k0fm18",
  "host_id" : "100001",
  "indicator" : "Failed"
},{
  "history_id" : "Hu6fHAR2wJZE",
  "history_input" : "import pandas as pd\nimport xgboost as xgb\nfrom sklearn.model_selection import train_test_split\nfrom sklearn.metrics import mean_squared_error\nimport shap\nimport numpy as np\nimport plotly.express as px\n\n# Load the data\nfilepath = \"/Users/sahiti/Downloads/updated_training_one_sites.csv\"\ndf = pd.read_csv(filepath)\n\n# Drop rows with missing values\ndf = df.dropna()\n\n# Print column names\nprint(df.columns)\nprint(df['hours'].unique())\n\n# Select a few random station IDs\n# unique_stations = df['StationID'].unique()\n# selected_stations = np.random.choice(unique_stations, 6, replace=False)\n# df_selected = df[df['StationID'].isin(selected_stations)]\n# \n\n# Specify the counties you want to include\nspecified_counties = ['Kewaunee County', 'Cedar County', 'Riverside County', 'Bruce County', 'Washington County', 'Taylor County']\ndf_selected = df[df['County'].isin(specified_counties)]\n\n# pick which time to keep standard\ndf_selected = df_selected[df_selected['hours'] == 14]\n\n# Ensure 'County' is included in the DataFrame\nprint(df_selected['County'].unique())\n\n# Select features and target variable, excluding the 'County' column during training\nX = df_selected.drop(labels=['CMAQ12KM_O3(ppb)', 'AirNOW_O3', 'StationID', 'Latitude_x', 'Longitude_x', 'Latitude_y', 'Longitude_y', 'month', 'hours', 'day', 'County'], axis=1)\ny = df_selected['AirNOW_O3']\n\n# Split the data into training and testing sets\nX_train, X_test, y_train, y_test = train_test_split(X, y, test_size=0.2, random_state=42)\n\n# Initialize and train the XGBoost model\nparams = {\"learning_rate\": 0.01, \"max_depth\": 4}\ndtrain = xgb.DMatrix(X_train, label=y_train)\nbst = xgb.train(params, dtrain, num_boost_round=1000)\n\n# Testing the XGBoost model\ndtest = xgb.DMatrix(X_test)\ny_pred = bst.predict(dtest)\nrmse = np.sqrt(mean_squared_error(y_test, y_pred))\nprint(f\"RMSE: {rmse}\")\n\n# Calculate feature importance\nimportance_df = pd.DataFrame({\n    'Feature': bst.get_score(importance_type='weight').keys(),\n    'Importance': bst.get_score(importance_type='weight').values()\n}).sort_values(by='Importance', ascending=False)\n\nprint(\"XGBoost Feature Importances:\")\nprint(importance_df)\n\n# Initialize the SHAP explainer\nexplainer = shap.Explainer(bst, X_train)\n\n# Calculate SHAP values\nshap_values = explainer(X_test)\n\n# Get the feature importances from SHAP values\nshap_importance_df = pd.DataFrame({\n    'Feature': X.columns,\n    'Importance': np.mean(np.abs(shap_values.values), axis=0)\n}).sort_values(by='Importance', ascending=False)\n\nprint(\"SHAP Feature Importances:\")\nprint(shap_importance_df)\n\n# Identify the most important feature per row\nshap_values_abs = np.abs(shap_values.values)\nmost_important_features_per_row = X_test.columns[np.argmax(shap_values_abs, axis=1)]\ndf_most_important_per_row = pd.DataFrame({\n    'Most Important Feature': most_important_features_per_row\n})\n\n# Print the most important feature for the first few rows\nprint(\"Most Important Feature per Row:\")\nprint(df_most_important_per_row.head())\n\n# Select top 7 important features for scatter plots\ntop_features = importance_df['Feature'].head(11).values\n\n# Create scatter plots for the top 7 features with county names\nfor feature in top_features:\n    fig = px.scatter(df_selected, x=feature, y='AirNOW_O3', color='County',\n                     title=f'GMU Data: Scatter plot of {feature} vs AirNOW_O3',\n                     labels={'County': 'County'},\n                     color_discrete_sequence=px.colors.qualitative.Plotly)\n    fig.update_layout(\n        xaxis_title=feature,\n        yaxis_title='AirNOW_O3',\n        xaxis=dict(showgrid=True, zeroline=True),\n        yaxis=dict(showgrid=True, zeroline=True)\n    )\n    fig.show()\n\n# Plot SHAP summary plot\nshap.summary_plot(shap_values, X_test)\nplt.show()\n\n# Plot SHAP dependence plot for a specific feature\nshap.dependence_plot(\"SO2\", shap_values, X_test)\nplt.show()\n",
  "history_output" : "Traceback (most recent call last):\n  File \"/Users/rahulpremanand/gw-workspace/Hu6fHAR2wJZE/XG_boost model gmu data ozone estimation.py\", line 2, in <module>\n    import xgboost as xgb\nModuleNotFoundError: No module named 'xgboost'\n",
  "history_begin_time" : 1721682182398,
  "history_end_time" : 1721682182680,
  "history_notes" : null,
  "history_process" : "k0fm18",
  "host_id" : null,
  "indicator" : "Failed"
},{
  "history_id" : "PysKRC5KjOtw",
  "history_input" : "import pandas as pd\nimport xgboost as xgb\nfrom sklearn.model_selection import train_test_split\nfrom sklearn.metrics import mean_squared_error\nimport shap\nimport numpy as np\nimport plotly.express as px\n\n# Load the data\nfilepath = \"/Users/sahiti/Downloads/updated_training_one_sites.csv\"\ndf = pd.read_csv(filepath)\n\n# Drop rows with missing values\ndf = df.dropna()\n\n# Print column names\nprint(df.columns)\nprint(df['hours'].unique())\n\n# Select a few random station IDs\n# unique_stations = df['StationID'].unique()\n# selected_stations = np.random.choice(unique_stations, 6, replace=False)\n# df_selected = df[df['StationID'].isin(selected_stations)]\n# \n\n# Specify the counties you want to include\nspecified_counties = ['Kewaunee County', 'Cedar County', 'Riverside County', 'Bruce County', 'Washington County', 'Taylor County']\ndf_selected = df[df['County'].isin(specified_counties)]\n\n# pick which time to keep standard\ndf_selected = df_selected[df_selected['hours'] == 14]\n\n# Ensure 'County' is included in the DataFrame\nprint(df_selected['County'].unique())\n\n# Select features and target variable, excluding the 'County' column during training\nX = df_selected.drop(labels=['CMAQ12KM_O3(ppb)', 'AirNOW_O3', 'StationID', 'Latitude_x', 'Longitude_x', 'Latitude_y', 'Longitude_y', 'month', 'hours', 'day', 'County'], axis=1)\ny = df_selected['AirNOW_O3']\n\n# Split the data into training and testing sets\nX_train, X_test, y_train, y_test = train_test_split(X, y, test_size=0.2, random_state=42)\n\n# Initialize and train the XGBoost model\nparams = {\"learning_rate\": 0.01, \"max_depth\": 4}\ndtrain = xgb.DMatrix(X_train, label=y_train)\nbst = xgb.train(params, dtrain, num_boost_round=1000)\n\n# Testing the XGBoost model\ndtest = xgb.DMatrix(X_test)\ny_pred = bst.predict(dtest)\nrmse = np.sqrt(mean_squared_error(y_test, y_pred))\nprint(f\"RMSE: {rmse}\")\n\n# Calculate feature importance\nimportance_df = pd.DataFrame({\n    'Feature': bst.get_score(importance_type='weight').keys(),\n    'Importance': bst.get_score(importance_type='weight').values()\n}).sort_values(by='Importance', ascending=False)\n\nprint(\"XGBoost Feature Importances:\")\nprint(importance_df)\n\n# Initialize the SHAP explainer\nexplainer = shap.Explainer(bst, X_train)\n\n# Calculate SHAP values\nshap_values = explainer(X_test)\n\n# Get the feature importances from SHAP values\nshap_importance_df = pd.DataFrame({\n    'Feature': X.columns,\n    'Importance': np.mean(np.abs(shap_values.values), axis=0)\n}).sort_values(by='Importance', ascending=False)\n\nprint(\"SHAP Feature Importances:\")\nprint(shap_importance_df)\n\n# Identify the most important feature per row\nshap_values_abs = np.abs(shap_values.values)\nmost_important_features_per_row = X_test.columns[np.argmax(shap_values_abs, axis=1)]\ndf_most_important_per_row = pd.DataFrame({\n    'Most Important Feature': most_important_features_per_row\n})\n\n# Print the most important feature for the first few rows\nprint(\"Most Important Feature per Row:\")\nprint(df_most_important_per_row.head())\n\n# Select top 7 important features for scatter plots\ntop_features = importance_df['Feature'].head(11).values\n\n# Create scatter plots for the top 7 features with county names\nfor feature in top_features:\n    fig = px.scatter(df_selected, x=feature, y='AirNOW_O3', color='County',\n                     title=f'GMU Data: Scatter plot of {feature} vs AirNOW_O3',\n                     labels={'County': 'County'},\n                     color_discrete_sequence=px.colors.qualitative.Plotly)\n    fig.update_layout(\n        xaxis_title=feature,\n        yaxis_title='AirNOW_O3',\n        xaxis=dict(showgrid=True, zeroline=True),\n        yaxis=dict(showgrid=True, zeroline=True)\n    )\n    fig.show()\n\n# Plot SHAP summary plot\nshap.summary_plot(shap_values, X_test)\nplt.show()\n\n# Plot SHAP dependence plot for a specific feature\nshap.dependence_plot(\"SO2\", shap_values, X_test)\nplt.show()\n",
  "history_output" : "Traceback (most recent call last):\n  File \"/Users/rahulpremanand/gw-workspace/PysKRC5KjOtw/XG_boost model gmu data ozone estimation.py\", line 2, in <module>\n    import xgboost as xgb\nModuleNotFoundError: No module named 'xgboost'\n",
  "history_begin_time" : 1721682126328,
  "history_end_time" : 1721682143928,
  "history_notes" : null,
  "history_process" : "k0fm18",
  "host_id" : null,
  "indicator" : "Failed"
},{
  "history_id" : "VM36isOLTk84",
  "history_input" : "import pandas as pd\nimport xgboost as xgb\nfrom sklearn.model_selection import train_test_split\nfrom sklearn.metrics import mean_squared_error\nimport shap\nimport numpy as np\nimport plotly.express as px\n\n# Load the data\nfilepath = \"/Users/sahiti/Downloads/updated_training_one_sites.csv\"\ndf = pd.read_csv(filepath)\n\n# Drop rows with missing values\ndf = df.dropna()\n\n# Print column names\nprint(df.columns)\nprint(df['hours'].unique())\n\n# Select a few random station IDs\n# unique_stations = df['StationID'].unique()\n# selected_stations = np.random.choice(unique_stations, 6, replace=False)\n# df_selected = df[df['StationID'].isin(selected_stations)]\n# \n\n# Specify the counties you want to include\nspecified_counties = ['Kewaunee County', 'Cedar County', 'Riverside County', 'Bruce County', 'Washington County', 'Taylor County']\ndf_selected = df[df['County'].isin(specified_counties)]\n\n# pick which time to keep standard\ndf_selected = df_selected[df_selected['hours'] == 14]\n\n# Ensure 'County' is included in the DataFrame\nprint(df_selected['County'].unique())\n\n# Select features and target variable, excluding the 'County' column during training\nX = df_selected.drop(labels=['CMAQ12KM_O3(ppb)', 'AirNOW_O3', 'StationID', 'Latitude_x', 'Longitude_x', 'Latitude_y', 'Longitude_y', 'month', 'hours', 'day', 'County'], axis=1)\ny = df_selected['AirNOW_O3']\n\n# Split the data into training and testing sets\nX_train, X_test, y_train, y_test = train_test_split(X, y, test_size=0.2, random_state=42)\n\n# Initialize and train the XGBoost model\nparams = {\"learning_rate\": 0.01, \"max_depth\": 4}\ndtrain = xgb.DMatrix(X_train, label=y_train)\nbst = xgb.train(params, dtrain, num_boost_round=1000)\n\n# Testing the XGBoost model\ndtest = xgb.DMatrix(X_test)\ny_pred = bst.predict(dtest)\nrmse = np.sqrt(mean_squared_error(y_test, y_pred))\nprint(f\"RMSE: {rmse}\")\n\n# Calculate feature importance\nimportance_df = pd.DataFrame({\n    'Feature': bst.get_score(importance_type='weight').keys(),\n    'Importance': bst.get_score(importance_type='weight').values()\n}).sort_values(by='Importance', ascending=False)\n\nprint(\"XGBoost Feature Importances:\")\nprint(importance_df)\n\n# Initialize the SHAP explainer\nexplainer = shap.Explainer(bst, X_train)\n\n# Calculate SHAP values\nshap_values = explainer(X_test)\n\n# Get the feature importances from SHAP values\nshap_importance_df = pd.DataFrame({\n    'Feature': X.columns,\n    'Importance': np.mean(np.abs(shap_values.values), axis=0)\n}).sort_values(by='Importance', ascending=False)\n\nprint(\"SHAP Feature Importances:\")\nprint(shap_importance_df)\n\n# Identify the most important feature per row\nshap_values_abs = np.abs(shap_values.values)\nmost_important_features_per_row = X_test.columns[np.argmax(shap_values_abs, axis=1)]\ndf_most_important_per_row = pd.DataFrame({\n    'Most Important Feature': most_important_features_per_row\n})\n\n# Print the most important feature for the first few rows\nprint(\"Most Important Feature per Row:\")\nprint(df_most_important_per_row.head())\n\n# Select top 7 important features for scatter plots\ntop_features = importance_df['Feature'].head(11).values\n\n# Create scatter plots for the top 7 features with county names\nfor feature in top_features:\n    fig = px.scatter(df_selected, x=feature, y='AirNOW_O3', color='County',\n                     title=f'GMU Data: Scatter plot of {feature} vs AirNOW_O3',\n                     labels={'County': 'County'},\n                     color_discrete_sequence=px.colors.qualitative.Plotly)\n    fig.update_layout(\n        xaxis_title=feature,\n        yaxis_title='AirNOW_O3',\n        xaxis=dict(showgrid=True, zeroline=True),\n        yaxis=dict(showgrid=True, zeroline=True)\n    )\n    fig.show()\n\n# Plot SHAP summary plot\nshap.summary_plot(shap_values, X_test)\nplt.show()\n\n# Plot SHAP dependence plot for a specific feature\nshap.dependence_plot(\"SO2\", shap_values, X_test)\nplt.show()\n",
  "history_output" : "Traceback (most recent call last):\n  File \"/Users/rahulpremanand/gw-workspace/VM36isOLTk84/XG_boost model gmu data ozone estimation.py\", line 1, in <module>\n    import pandas as pd\nModuleNotFoundError: No module named 'pandas'\n",
  "history_begin_time" : 1721681377885,
  "history_end_time" : 1721681377967,
  "history_notes" : null,
  "history_process" : "k0fm18",
  "host_id" : null,
  "indicator" : "Failed"
},{
  "history_id" : "JvkTgCeVgT5Z",
  "history_input" : "import pandas as pd\nimport xgboost as xgb\nfrom sklearn.model_selection import train_test_split\nfrom sklearn.metrics import mean_squared_error\nimport shap\nimport numpy as np\nimport plotly.express as px\n\n# Load the data\nfilepath = \"/Users/sahiti/Downloads/updated_training_one_sites.csv\"\ndf = pd.read_csv(filepath)\n\n# Drop rows with missing values\ndf = df.dropna()\n\n# Print column names\nprint(df.columns)\nprint(df['hours'].unique())\n\n# Select a few random station IDs\n# unique_stations = df['StationID'].unique()\n# selected_stations = np.random.choice(unique_stations, 6, replace=False)\n# df_selected = df[df['StationID'].isin(selected_stations)]\n# \n\n# Specify the counties you want to include\nspecified_counties = ['Kewaunee County', 'Cedar County', 'Riverside County', 'Bruce County', 'Washington County', 'Taylor County']\ndf_selected = df[df['County'].isin(specified_counties)]\n\n# pick which time to keep standard\ndf_selected = df_selected[df_selected['hours'] == 14]\n\n# Ensure 'County' is included in the DataFrame\nprint(df_selected['County'].unique())\n\n# Select features and target variable, excluding the 'County' column during training\nX = df_selected.drop(labels=['CMAQ12KM_O3(ppb)', 'AirNOW_O3', 'StationID', 'Latitude_x', 'Longitude_x', 'Latitude_y', 'Longitude_y', 'month', 'hours', 'day', 'County'], axis=1)\ny = df_selected['AirNOW_O3']\n\n# Split the data into training and testing sets\nX_train, X_test, y_train, y_test = train_test_split(X, y, test_size=0.2, random_state=42)\n\n# Initialize and train the XGBoost model\nparams = {\"learning_rate\": 0.01, \"max_depth\": 4}\ndtrain = xgb.DMatrix(X_train, label=y_train)\nbst = xgb.train(params, dtrain, num_boost_round=1000)\n\n# Testing the XGBoost model\ndtest = xgb.DMatrix(X_test)\ny_pred = bst.predict(dtest)\nrmse = np.sqrt(mean_squared_error(y_test, y_pred))\nprint(f\"RMSE: {rmse}\")\n\n# Calculate feature importance\nimportance_df = pd.DataFrame({\n    'Feature': bst.get_score(importance_type='weight').keys(),\n    'Importance': bst.get_score(importance_type='weight').values()\n}).sort_values(by='Importance', ascending=False)\n\nprint(\"XGBoost Feature Importances:\")\nprint(importance_df)\n\n# Initialize the SHAP explainer\nexplainer = shap.Explainer(bst, X_train)\n\n# Calculate SHAP values\nshap_values = explainer(X_test)\n\n# Get the feature importances from SHAP values\nshap_importance_df = pd.DataFrame({\n    'Feature': X.columns,\n    'Importance': np.mean(np.abs(shap_values.values), axis=0)\n}).sort_values(by='Importance', ascending=False)\n\nprint(\"SHAP Feature Importances:\")\nprint(shap_importance_df)\n\n# Identify the most important feature per row\nshap_values_abs = np.abs(shap_values.values)\nmost_important_features_per_row = X_test.columns[np.argmax(shap_values_abs, axis=1)]\ndf_most_important_per_row = pd.DataFrame({\n    'Most Important Feature': most_important_features_per_row\n})\n\n# Print the most important feature for the first few rows\nprint(\"Most Important Feature per Row:\")\nprint(df_most_important_per_row.head())\n\n# Select top 7 important features for scatter plots\ntop_features = importance_df['Feature'].head(11).values\n\n# Create scatter plots for the top 7 features with county names\nfor feature in top_features:\n    fig = px.scatter(df_selected, x=feature, y='AirNOW_O3', color='County',\n                     title=f'GMU Data: Scatter plot of {feature} vs AirNOW_O3',\n                     labels={'County': 'County'},\n                     color_discrete_sequence=px.colors.qualitative.Plotly)\n    fig.update_layout(\n        xaxis_title=feature,\n        yaxis_title='AirNOW_O3',\n        xaxis=dict(showgrid=True, zeroline=True),\n        yaxis=dict(showgrid=True, zeroline=True)\n    )\n    fig.show()\n\n# Plot SHAP summary plot\nshap.summary_plot(shap_values, X_test)\nplt.show()\n\n# Plot SHAP dependence plot for a specific feature\nshap.dependence_plot(\"SO2\", shap_values, X_test)\nplt.show()\n",
  "history_output" : "Traceback (most recent call last):\n  File \"/Users/rahulpremanand/gw-workspace/JvkTgCeVgT5Z/XG_boost model gmu data ozone estimation.py\", line 1, in <module>\n    import pandas as pd\nModuleNotFoundError: No module named 'pandas'\n",
  "history_begin_time" : 1721680995474,
  "history_end_time" : 1721680995535,
  "history_notes" : null,
  "history_process" : "k0fm18",
  "host_id" : null,
  "indicator" : "Failed"
},{
  "history_id" : "xgDYkpfIIwKu",
  "history_input" : "import pandas as pd\nimport xgboost as xgb\nfrom sklearn.model_selection import train_test_split\nfrom sklearn.metrics import mean_squared_error\nimport shap\nimport numpy as np\nimport plotly.express as px\n\n# Load the data\nfilepath = \"/Users/sahiti/Downloads/updated_training_one_sites.csv\"\ndf = pd.read_csv(filepath)\n\n# Drop rows with missing values\ndf = df.dropna()\n\n# Print column names\nprint(df.columns)\nprint(df['hours'].unique())\n\n# Select a few random station IDs\n# unique_stations = df['StationID'].unique()\n# selected_stations = np.random.choice(unique_stations, 6, replace=False)\n# df_selected = df[df['StationID'].isin(selected_stations)]\n# \n\n# Specify the counties you want to include\nspecified_counties = ['Kewaunee County', 'Cedar County', 'Riverside County', 'Bruce County', 'Washington County', 'Taylor County']\ndf_selected = df[df['County'].isin(specified_counties)]\n\n# pick which time to keep standard\ndf_selected = df_selected[df_selected['hours'] == 14]\n\n# Ensure 'County' is included in the DataFrame\nprint(df_selected['County'].unique())\n\n# Select features and target variable, excluding the 'County' column during training\nX = df_selected.drop(labels=['CMAQ12KM_O3(ppb)', 'AirNOW_O3', 'StationID', 'Latitude_x', 'Longitude_x', 'Latitude_y', 'Longitude_y', 'month', 'hours', 'day', 'County'], axis=1)\ny = df_selected['AirNOW_O3']\n\n# Split the data into training and testing sets\nX_train, X_test, y_train, y_test = train_test_split(X, y, test_size=0.2, random_state=42)\n\n# Initialize and train the XGBoost model\nparams = {\"learning_rate\": 0.01, \"max_depth\": 4}\ndtrain = xgb.DMatrix(X_train, label=y_train)\nbst = xgb.train(params, dtrain, num_boost_round=1000)\n\n# Testing the XGBoost model\ndtest = xgb.DMatrix(X_test)\ny_pred = bst.predict(dtest)\nrmse = np.sqrt(mean_squared_error(y_test, y_pred))\nprint(f\"RMSE: {rmse}\")\n\n# Calculate feature importance\nimportance_df = pd.DataFrame({\n    'Feature': bst.get_score(importance_type='weight').keys(),\n    'Importance': bst.get_score(importance_type='weight').values()\n}).sort_values(by='Importance', ascending=False)\n\nprint(\"XGBoost Feature Importances:\")\nprint(importance_df)\n\n# Initialize the SHAP explainer\nexplainer = shap.Explainer(bst, X_train)\n\n# Calculate SHAP values\nshap_values = explainer(X_test)\n\n# Get the feature importances from SHAP values\nshap_importance_df = pd.DataFrame({\n    'Feature': X.columns,\n    'Importance': np.mean(np.abs(shap_values.values), axis=0)\n}).sort_values(by='Importance', ascending=False)\n\nprint(\"SHAP Feature Importances:\")\nprint(shap_importance_df)\n\n# Identify the most important feature per row\nshap_values_abs = np.abs(shap_values.values)\nmost_important_features_per_row = X_test.columns[np.argmax(shap_values_abs, axis=1)]\ndf_most_important_per_row = pd.DataFrame({\n    'Most Important Feature': most_important_features_per_row\n})\n\n# Print the most important feature for the first few rows\nprint(\"Most Important Feature per Row:\")\nprint(df_most_important_per_row.head())\n\n# Select top 7 important features for scatter plots\ntop_features = importance_df['Feature'].head(11).values\n\n# Create scatter plots for the top 7 features with county names\nfor feature in top_features:\n    fig = px.scatter(df_selected, x=feature, y='AirNOW_O3', color='County',\n                     title=f'GMU Data: Scatter plot of {feature} vs AirNOW_O3',\n                     labels={'County': 'County'},\n                     color_discrete_sequence=px.colors.qualitative.Plotly)\n    fig.update_layout(\n        xaxis_title=feature,\n        yaxis_title='AirNOW_O3',\n        xaxis=dict(showgrid=True, zeroline=True),\n        yaxis=dict(showgrid=True, zeroline=True)\n    )\n    fig.show()\n\n# Plot SHAP summary plot\nshap.summary_plot(shap_values, X_test)\nplt.show()\n\n# Plot SHAP dependence plot for a specific feature\nshap.dependence_plot(\"SO2\", shap_values, X_test)\nplt.show()\n",
  "history_output" : "Traceback (most recent call last):\n  File \"/Users/rahulpremanand/gw-workspace/xgDYkpfIIwKu/XG_boost model gmu data ozone estimation.py\", line 1, in <module>\n    import pandas as pd\nModuleNotFoundError: No module named 'pandas'\n",
  "history_begin_time" : 1721673529718,
  "history_end_time" : 1721673529824,
  "history_notes" : null,
  "history_process" : "k0fm18",
  "host_id" : null,
  "indicator" : "Failed"
},{
  "history_id" : "bcay72zyz26",
  "history_input" : "# Write your first Python code in Geoweaver\nimport pandas as pd\nfrom xgboost.sklearn import XGBRegressor\nfrom sklearn.ensemble import VotingRegressor\nimport math\nimport sklearn\nfrom sklearn.metrics import mean_squared_error\nimport time\nimport shap\nimport numpy as np\nimport xgboost as xgb\nfrom sklearn.model_selection import train_test_split\n\nfilepath= \"/Users/sahiti/Downloads/training_one_year.csv\"\n\ndf = pd.read_csv(filepath)\ndf=df.dropna()\nprint(df.columns)\n\n#TRAINING THE MODEL\nX = df.drop(labels=['CMAQ12KM_O3(ppb)','AirNOW_O3', 'StationID', 'Latitude_x', 'Longitude_x', 'Latitude_y','Longitude_y'], axis=1)\n\ny = df['AirNOW_O3']\n\n#split training and test data\nX_train, X_test, y_train, y_test = train_test_split(X, y, test_size=0.2, random_state=42)\n\n#training the xgboost model\nparams = {\"learning_rate\": 0.01, \"max_depth\": 4}\ndtrain = xgb.DMatrix(X_train, label=y_train)\nbst = xgb.train(params, dtrain, num_boost_round=1000)\n\n#testing the xgboost model\ndtest = xgb.DMatrix(X_test)\ny_pred = bst.predict(dtest)\nrmse = np.sqrt(mean_squared_error(y_test, y_pred))\nprint(f\"RMSE: {rmse}\")\n\n# Get SHAP values\ndtrain_full = xgb.DMatrix(X)  # For SHAP values, use the entire dataset\nshap_values = bdt.predict(dtrain_full, pred_contribs=True)\nshap_df = pd.DataFrame(shap_values, columns=X.columns)\n\n# Save SHAP values to a CSV\nshap_df.to_csv(\"shap_feature_importance_jul5.csv\", index=False)\n\nprint(shap_values)\n\n# To visualize SHAP values\nexplainer = shap.Explainer(bst, dtrain_full)\nshap_values = explainer(X)\n\n# Summary plot\nshap.summary_plot(shap_values, X)\n\n\n# define the base models\n#models = list()\n#models.append(('XGB1', XGBRegressor(max_depth=1)))\n#models.append(('XGB2', XGBRegressor(max_depth=2)))\n#models.append(('XGB3', XGBRegressor(max_depth=3)))\n#models.append(('XGB4', XGBRegressor(max_depth=4)))\n#models.append(('XGB5', XGBRegressor(max_depth=5)))\n#models.append(('XGB6', XGBRegressor(max_depth=6)))\n# define the voting ensemble\n#ensemble = VotingRegressor(estimators=models)\n# fit the model on all available data\n#ensemble.fit(X, y)\n\n#TESTING THE MODEL\n#X_test = df[900:].drop(labels=['CMAQ12KM_O3(ppb)','AirNOW_O3', 'StationID', 'Latitude_x', 'Longitude_x', 'Latitude_y','Longitude_y'], axis=1)\n\n#y_test = df[900:]['AirNOW_O3']\n\n#pred = ensemble.predict(X_test)\n\n#mse = sklearn.metrics.mean_squared_error(pred, y_test)\n#rmse = math.sqrt(mse)\n#print(mse, rmse)\n\n\n#bst = xgboost.train({\"learning_rate\": 0.01, \"max_depth\": 4}, xgboost.DMatrix(X, label=y), 1000)\n\n#print(X.columns)\n#start = time.time()\n#shap_values = bst.predict(xgboost.DMatrix(X), #pred_contribs=True)\n\n#shap_df = pd.DataFrame(shap_values)\n#shap_df.to_csv(\"shap_feature_importance.csv\")\n#print(shap_values)\n\n\n\n\n",
  "history_output" : "You have not agreed to the Xcode license agreements. Please run 'sudo xcodebuild -license' from within a Terminal window to review and agree to the Xcode and Apple SDKs license.\n",
  "history_begin_time" : 1721422166756,
  "history_end_time" : 1721422168540,
  "history_notes" : null,
  "history_process" : "k0fm18",
  "host_id" : "100001",
  "indicator" : "Failed"
},]
