[{
  "history_id" : "ymhx2qjymkx",
  "history_input" : "import pandas as pd\nfrom sklearn.model_selection import train_test_split\nfrom sklearn.metrics import mean_squared_error\nimport xgboost as xgb\nimport shap\nimport matplotlib.pyplot as plt\nimport numpy as np\nimport plotly.express as px\n\n# Load the data\nmerged_df = pd.read_csv('/Users/sahiti/Downloads/merged_ozone_df_county_training.csv')\n\n# Select only the air pollutant columns as features\nair_pollutant_columns = ['Ca', 'Cl', 'HNO3', 'K', 'Mg', 'Na', 'NH4', 'NO3', 'SO2', 'SO4', 'TNO3']\nfeatures = merged_df[air_pollutant_columns]\ntarget = merged_df['OZONE']\n\n# Ensure all feature columns are numeric\nfeatures = features.apply(pd.to_numeric, errors='coerce')\n\n# Ensure target variable has no NaN or infinite values\ntarget = target.replace([float('inf'), -float('inf')], float('nan')).dropna()\n\n# Align features and target to have matching indices\nfeatures, target = features.align(target, join='inner', axis=0)\n\n# Split the data into training and testing sets\nX_train, X_test, y_train, y_test = train_test_split(features, target, test_size=0.2, random_state=42)\n\n# Initialize the XGBoost model\nxgb_model = xgb.XGBRegressor(objective='reg:squarederror', random_state=42)\n\n# Train the model\nxgb_model.fit(X_train, y_train)\n\n# Make predictions (not necessary for SHAP but useful for evaluation)\npredictions = xgb_model.predict(X_test)\n\n# Calculate RMSE\nrmse = np.sqrt(mean_squared_error(y_test, predictions))\nprint(f'Root Mean Squared Error (RMSE): {rmse}')\n\n# Calculate feature importance\nimportance_df = pd.DataFrame({\n    'Feature': xgb_model.feature_names_in_,\n    'Importance': xgb_model.feature_importances_\n}).sort_values(by='Importance', ascending=False)\n\nprint(importance_df)\n\n# Select top 7 important features\ntop_features = importance_df['Feature'].head(9).values\nfor feature in top_features:\n    merged_df[feature] = pd.to_numeric(merged_df[feature], errors='coerce')\n\n\n# Randomly select 6 counties\n\n# Create scatter plots for the top 7 features with county names\nfor feature in top_features:\n    fig = px.scatter(merged_df, x=feature, y='OZONE', color='County',\n                     title=f'CASTNET Data: Scatter plot of {feature} vs OZONE',\n                     labels={'County': 'County'},\n                     color_discrete_sequence=px.colors.qualitative.Plotly)\n    fig.update_layout(\n        xaxis_title=feature,\n        yaxis_title='OZONE',\n        xaxis=dict(showgrid=True, zeroline=True, title=feature),\n        yaxis=dict(showgrid=True, zeroline=True, title='OZONE')\n    )\n    fig.show()\n\n# Initialize the SHAP explainer\nexplainer = shap.Explainer(xgb_model, X_train)\n\n# Calculate SHAP values\nshap_values = explainer(X_test)\n\n# Plot SHAP summary plot\nshap.summary_plot(shap_values, X_test, show=False)\nplt.show()\n\n# Plot SHAP dependence plot for a specific feature\nshap.dependence_plot(\"SO2\", shap_values, X_test, show=False)\nplt.show()\n\n",
  "history_output" : "Traceback (most recent call last):\n  File \"/Users/rahulpremanand/gw-workspace/ymhx2qjymkx/xgboost_castneto3_shap.py\", line 2, in <module>\n    from sklearn.model_selection import train_test_split\nModuleNotFoundError: No module named 'sklearn'\n",
  "history_begin_time" : 1721837516814,
  "history_end_time" : 1721837517482,
  "history_notes" : null,
  "history_process" : "2qiou7",
  "host_id" : "100001",
  "indicator" : "Done"
},]
