[{
  "history_id" : "uxouc826vag",
  "history_input" : null,
  "history_output" : null,
  "history_begin_time" : null,
  "history_end_time" : 1721422168523,
  "history_notes" : null,
  "history_process" : "p9jw50",
  "host_id" : "100001",
  "indicator" : "Stopped"
},{
  "history_id" : "wlcb73yk0p5",
  "history_input" : null,
  "history_output" : null,
  "history_begin_time" : null,
  "history_end_time" : 1721837519202,
  "history_notes" : null,
  "history_process" : "p9jw50",
  "host_id" : "100001",
  "indicator" : "Stopped"
},]
