[{
  "history_id" : "j2oxz8m0cod",
  "history_input" : null,
  "history_output" : null,
  "history_begin_time" : null,
  "history_end_time" : 1721422168503,
  "history_notes" : null,
  "history_process" : "yajwqt",
  "host_id" : "100001",
  "indicator" : "Stopped"
},{
  "history_id" : "79yvr2el49a",
  "history_input" : "import pandas as pd\nimport numpy as np\nimport matplotlib.pyplot as plt\n\nozone = \"/Users/sahiti/Downloads/ozone_2021/ozone_2021.csv\"\ncastnet_site_id = \"/Users/sahiti/Downloads/site_id_castnet_county.csv\"\ncbp_path = \"/Users/sahiti/Downloads/CBP2021Data.csv\"\nupdated_flight_path = '/Users/sahiti/Downloads/updated_flight.xlsx'\nrural_atlas = \"/Users/sahiti/Downloads/RuralAtlasData24.xlsx\"\nmapping_df_flight_epa_path = \"/Users/sahiti/Downloads/mapping_df_flight_epa.csv\"\n\nozone_data = pd.read_csv(ozone)\nrural_atlas_data = pd.read_excel(rural_atlas)\ncbp_data = pd.read_csv(cbp_path)\nupdated_flight_data = pd.read_excel(updated_flight_path)\nsite_id_df = pd.read_csv(castnet_site_id)\nmapping_df_flight_epa = pd.read_csv(mapping_df_flight_epa_path)\n\nozone_data['DATE_TIME'] = pd.to_datetime(ozone_data['DATE_TIME'])\n\n\n# Extract hour from the DATE_TIME\nozone_data['Year'] = ozone_data['DATE_TIME'].dt.year\nozone_data['Month'] = ozone_data['DATE_TIME'].dt.month\nozone_data['Day'] = ozone_data['DATE_TIME'].dt.date\nozone_data['Hour'] = ozone_data['DATE_TIME'].dt.hour\n\n# Merge ozone data with site ID data to get county information\nsite_id_df.rename(columns={'Latitude': 'lat_castnet', 'Longitude': 'Lon_castnet'}, inplace=True)\nmerged_castnet_df = ozone_data.merge(site_id_df, on='SITE_ID', how='left')\n\n# Load socioeconomic data from the relevant sheets\npeople_df = pd.read_excel(rural_atlas, sheet_name='People')\njob_df = pd.read_excel(rural_atlas, sheet_name='Jobs')\ncounty_df = pd.read_excel(rural_atlas, sheet_name='County Classifications')\nincome_df = pd.read_excel(rural_atlas, sheet_name='Income')\nveteran_df = pd.read_excel(rural_atlas, sheet_name='Veterans')\n\n# Drop unnecessary columns\njob_df = job_df.drop(columns=['State'])\ncounty_df = county_df.drop(columns=['State'])\nincome_df = income_df.drop(columns=['State'])\nveteran_df = veteran_df.drop(columns=['State', 'FIPS'])\n\n# Merge the socioeconomic data by county\nmerged_socio_df = people_df.merge(job_df, on='County', how='left')\nmerged_socio_df = merged_socio_df.merge(county_df, on='County', how='left')\nmerged_socio_df = merged_socio_df.merge(income_df, on='County', how='left')\n#merged_socio_df = merged_socio_df.merge(veteran_df, on='County', how='left')\n\n# Drop duplicates and NaNs\n\nmerged_socio_df = merged_socio_df.loc[:, ~merged_socio_df.columns.duplicated()].copy()\n\n# Standardize county names\ndef standardize_county_name(county_name):\n    return county_name.strip().upper().replace(' COUNTY', '')\n\nmerged_castnet_df = merged_castnet_df.fillna(\"\")\nmerged_castnet_df['County'] = merged_castnet_df['County'].str.strip().str.upper()\nmerged_castnet_df['County'] = merged_castnet_df['County'].apply(standardize_county_name)\nmerged_socio_df['County'] = merged_socio_df['County'].str.strip().str.upper()\nprint(\"merged castnet\", merged_castnet_df[\"County\"].unique())\n\n# Process CBP data\ncbp_data[['County', 'State']] = cbp_data['Geographic Area Name'].str.split(',', expand=True)\ncbp_data['County'] = cbp_data['County'].str.strip().str.upper()\ncbp_data['County'] = cbp_data['County'].apply(standardize_county_name)\ncbp_columns = ['County', '2017 NAICS code', 'Industry', 'Number of establishments', 'Number of employees', 'Employment size', 'Noise range for number of employees']\ncbp_data = cbp_data[cbp_columns]\n\ncbp_data.fillna(0, inplace=True)\ncbp_pivot = cbp_data.pivot_table(index='County', columns='2017 NAICS code', values=['Number of establishments', 'Number of employees', 'Employment size', 'Noise range for number of employees'], aggfunc='sum').reset_index()\n\n# Flatten the multi-level column names\ncbp_pivot.columns = ['_'.join([str(col[0]), str(col[1])]).strip() if col[1] != '' else col[0] for col in cbp_pivot.columns]\n\nprint(cbp_pivot.head())\n\n# updated_flight_data = updated_flight_data.merge(mapping_df_flight_epa, on='Activity', how='left')\n# updated_flight_data['County'] = updated_flight_data['COUNTY NAME'].str.strip().str.upper()\n# updated_flight_data['County'] = updated_flight_data['County'].apply(standardize_county_name)\n# \n# # Create dummy columns for each subpart\n# subparts_dummies = updated_flight_data['SUBPARTS'].str.get_dummies(sep=', ')\n# \n# # Concatenate the dummy columns with the original dataframe\n# updated_flight_data = pd.concat([updated_flight_data, subparts_dummies], axis=1)\n# \n# # Aggregate flight data by county, summing up the dummy variables\n# flight_aggregated = updated_flight_data.groupby('County')[subparts_dummies.columns].sum().reset_index()\n# print(flight_aggregated)\n# \n# # Merge flight data with the final dataframe\n# final_df = final_df.merge(flight_aggregated, on='County', how='left')\n\n\n# Merge CBP data with castnet data\n#final_df = merged_castnet_df.merge(cbp_pivot, on='County', how='left')\n\n\n\n# Merge ozone data with socioeconomic data\nfinal_df = merged_castnet_df.merge(merged_socio_df, on='County', how='left')\nprint(final_df[\"County\"].unique())\n\n# Save the final merged dataset to a CSV file\n#final_df.to_csv('/mnt/data/final_merged_data.csv', index=False)\n\n# Display the first few rows of the final merged dataset\nprint(final_df.head())\n\nearly_morning_data = merged_castnet_df[(merged_castnet_df['Hour'] >= 1) & (merged_castnet_df['Hour'] <= 3)]\n\n# Display data points around 2 AM\nprint(\"Data points around 2 AM:\")\nprint(early_morning_data[['County', 'DATE_TIME', 'OZONE', 'Hour']])\nprint(final_df[\"County\"].unique())\n\n# Aggregate data to avoid clustering at specific hours\nhourly_avg_ozone = merged_castnet_df.groupby(['Hour', 'County'])['OZONE'].mean().reset_index()\n\n# Plot scatter plot of hourly ozone levels for all counties with aggregation\nplt.figure(figsize=(12, 6))\nfor county in hourly_avg_ozone['County'].unique():\n    county_data = hourly_avg_ozone[hourly_avg_ozone['County'] == county]\n    plt.scatter(county_data['Hour'], county_data['OZONE'], label=county, alpha=0.5, s=10)\n\nplt.title('Hourly Ozone Levels for All Counties')\nplt.xlabel('Hour of the Day')\nplt.ylabel('Ozone Level')\nplt.grid(True)\nplt.legend()\nplt.show()\n\n\n# Aggregate data by day to calculate daily average ozone levels\ndaily_avg_ozone = merged_castnet_df.groupby(['Day', 'County'])['OZONE'].mean().reset_index()\n\n# Aggregate data by month to calculate monthly average ozone levels\nmonthly_avg_ozone = merged_castnet_df.groupby(['Year', 'Month', 'County'])['OZONE'].mean().reset_index()\nmonthly_avg_ozone['Date'] = pd.to_datetime(monthly_avg_ozone[['Year', 'Month']].assign(Day=1))\n\n# Plot daily average ozone levels for all counties\nplt.figure(figsize=(12, 6))\nfor county in daily_avg_ozone['County'].unique():\n    county_data = daily_avg_ozone[daily_avg_ozone['County'] == county]\n    plt.plot(county_data['Day'], county_data['OZONE'], label=county, alpha=0.5)\n\nplt.title('Daily Average Ozone Levels for All Counties')\nplt.xlabel('Day of the Year')\nplt.ylabel('Ozone Level')\nplt.grid(True)\nplt.legend(bbox_to_anchor=(1.05, 1), loc='upper left')\nplt.show()\n\n# Plot monthly average ozone levels for all counties\nplt.figure(figsize=(12, 6))\nfor county in monthly_avg_ozone['County'].unique():\n    county_data = monthly_avg_ozone[monthly_avg_ozone['County'] == county]\n    plt.plot(county_data['Date'], county_data['OZONE'], label=county, alpha=0.5)\n\nplt.title('Monthly Average Ozone Levels for All Counties')\nplt.xlabel('Month')\nplt.ylabel('Ozone Level')\nplt.grid(True)\nplt.legend(bbox_to_anchor=(1.05, 1), loc='upper left')\nplt.show()\n",
  "history_output" : "You have not agreed to the Xcode license agreements. Please run 'sudo xcodebuild -license' from within a Terminal window to review and agree to the Xcode and Apple SDKs license.\n",
  "history_begin_time" : 1721422166698,
  "history_end_time" : 1721422168540,
  "history_notes" : null,
  "history_process" : "z1nzuz",
  "host_id" : "100001",
  "indicator" : "Failed"
},{
  "history_id" : "uxouc826vag",
  "history_input" : null,
  "history_output" : null,
  "history_begin_time" : null,
  "history_end_time" : 1721422168523,
  "history_notes" : null,
  "history_process" : "p9jw50",
  "host_id" : "100001",
  "indicator" : "Stopped"
},{
  "history_id" : "hbqkbio4nhb",
  "history_input" : null,
  "history_output" : null,
  "history_begin_time" : null,
  "history_end_time" : 1721422168528,
  "history_notes" : null,
  "history_process" : "kxf59u",
  "host_id" : "100001",
  "indicator" : "Stopped"
},{
  "history_id" : "bcay72zyz26",
  "history_input" : "# Write your first Python code in Geoweaver\nimport pandas as pd\nfrom xgboost.sklearn import XGBRegressor\nfrom sklearn.ensemble import VotingRegressor\nimport math\nimport sklearn\nfrom sklearn.metrics import mean_squared_error\nimport time\nimport shap\nimport numpy as np\nimport xgboost as xgb\nfrom sklearn.model_selection import train_test_split\n\nfilepath= \"/Users/sahiti/Downloads/training_one_year.csv\"\n\ndf = pd.read_csv(filepath)\ndf=df.dropna()\nprint(df.columns)\n\n#TRAINING THE MODEL\nX = df.drop(labels=['CMAQ12KM_O3(ppb)','AirNOW_O3', 'StationID', 'Latitude_x', 'Longitude_x', 'Latitude_y','Longitude_y'], axis=1)\n\ny = df['AirNOW_O3']\n\n#split training and test data\nX_train, X_test, y_train, y_test = train_test_split(X, y, test_size=0.2, random_state=42)\n\n#training the xgboost model\nparams = {\"learning_rate\": 0.01, \"max_depth\": 4}\ndtrain = xgb.DMatrix(X_train, label=y_train)\nbst = xgb.train(params, dtrain, num_boost_round=1000)\n\n#testing the xgboost model\ndtest = xgb.DMatrix(X_test)\ny_pred = bst.predict(dtest)\nrmse = np.sqrt(mean_squared_error(y_test, y_pred))\nprint(f\"RMSE: {rmse}\")\n\n# Get SHAP values\ndtrain_full = xgb.DMatrix(X)  # For SHAP values, use the entire dataset\nshap_values = bdt.predict(dtrain_full, pred_contribs=True)\nshap_df = pd.DataFrame(shap_values, columns=X.columns)\n\n# Save SHAP values to a CSV\nshap_df.to_csv(\"shap_feature_importance_jul5.csv\", index=False)\n\nprint(shap_values)\n\n# To visualize SHAP values\nexplainer = shap.Explainer(bst, dtrain_full)\nshap_values = explainer(X)\n\n# Summary plot\nshap.summary_plot(shap_values, X)\n\n\n# define the base models\n#models = list()\n#models.append(('XGB1', XGBRegressor(max_depth=1)))\n#models.append(('XGB2', XGBRegressor(max_depth=2)))\n#models.append(('XGB3', XGBRegressor(max_depth=3)))\n#models.append(('XGB4', XGBRegressor(max_depth=4)))\n#models.append(('XGB5', XGBRegressor(max_depth=5)))\n#models.append(('XGB6', XGBRegressor(max_depth=6)))\n# define the voting ensemble\n#ensemble = VotingRegressor(estimators=models)\n# fit the model on all available data\n#ensemble.fit(X, y)\n\n#TESTING THE MODEL\n#X_test = df[900:].drop(labels=['CMAQ12KM_O3(ppb)','AirNOW_O3', 'StationID', 'Latitude_x', 'Longitude_x', 'Latitude_y','Longitude_y'], axis=1)\n\n#y_test = df[900:]['AirNOW_O3']\n\n#pred = ensemble.predict(X_test)\n\n#mse = sklearn.metrics.mean_squared_error(pred, y_test)\n#rmse = math.sqrt(mse)\n#print(mse, rmse)\n\n\n#bst = xgboost.train({\"learning_rate\": 0.01, \"max_depth\": 4}, xgboost.DMatrix(X, label=y), 1000)\n\n#print(X.columns)\n#start = time.time()\n#shap_values = bst.predict(xgboost.DMatrix(X), #pred_contribs=True)\n\n#shap_df = pd.DataFrame(shap_values)\n#shap_df.to_csv(\"shap_feature_importance.csv\")\n#print(shap_values)\n\n\n\n\n",
  "history_output" : "You have not agreed to the Xcode license agreements. Please run 'sudo xcodebuild -license' from within a Terminal window to review and agree to the Xcode and Apple SDKs license.\n",
  "history_begin_time" : 1721422166756,
  "history_end_time" : 1721422168540,
  "history_notes" : null,
  "history_process" : "k0fm18",
  "host_id" : "100001",
  "indicator" : "Failed"
}]
