[{
  "history_id" : "2jR0OjzoxeXFda62Ky",
  "history_input" : "ol8aa4-xsXR3;r41da2-1RVbu;wfd3c5-D5sjL;ftn2kp-ArgIY;",
  "history_output" : "segha0uhuly;wzg0zussf4p;malr2uw2zrb;k9flpwb68ol;",
  "history_begin_time" : 1645755668713,
  "history_end_time" : 1645755715709,
  "history_notes" : null,
  "history_process" : "7mpetbqiwcnpyodzpfyp",
  "host_id" : "w6jk5o;",
  "indicator" : "Done"
},{
  "history_id" : "1UJ9Efa7nIPhqZlN7J",
  "history_input" : "ol8aa4-xsXR3;r41da2-1RVbu;wfd3c5-D5sjL;ftn2kp-ArgIY;",
  "history_output" : "jc97uiezr9b;da0h1661heg;okruxkq8a2v;gy3a1fuht3m;",
  "history_begin_time" : 1645755004501,
  "history_end_time" : 1645755056596,
  "history_notes" : null,
  "history_process" : "7mpetbqiwcnpyodzpfyp",
  "host_id" : "w6jk5o;",
  "indicator" : "Done"
},{
  "history_id" : "MUXZfmAQrXMsKThOmI",
  "history_input" : "ol8aa4-xsXR3;r41da2-1RVbu;wfd3c5-D5sjL;ftn2kp-ArgIY;",
  "history_output" : "4f88ikbf0dz;eqa91azcw75;sg0l7sck68g;2hpk5p8mt5v;",
  "history_begin_time" : 1645754888182,
  "history_end_time" : 1645754940508,
  "history_notes" : null,
  "history_process" : "7mpetbqiwcnpyodzpfyp",
  "host_id" : "w6jk5o;",
  "indicator" : "Done"
},{
  "history_id" : "F10s4vveLtE4Xrq7cE",
  "history_input" : "ol8aa4-xsXR3;r41da2-1RVbu;wfd3c5-D5sjL;ftn2kp-ArgIY;",
  "history_output" : "l14m9eoxhuc;8zmnig9crw5;fjtbrjm12ei;b21xby0097x;",
  "history_begin_time" : 1645754684182,
  "history_end_time" : 1645754737912,
  "history_notes" : null,
  "history_process" : "7mpetbqiwcnpyodzpfyp",
  "host_id" : "w6jk5o;",
  "indicator" : "Done"
},{
  "history_id" : "H3US9t1yM0cGR5ugbA",
  "history_input" : "ol8aa4-xsXR3;r41da2-1RVbu;wfd3c5-D5sjL;ftn2kp-ArgIY;",
  "history_output" : "k3esdwndpmb;heqk5v415a7;0s9g6vucju9;jyb3cvdxh73;",
  "history_begin_time" : 1645754022737,
  "history_end_time" : 1645754080942,
  "history_notes" : null,
  "history_process" : "7mpetbqiwcnpyodzpfyp",
  "host_id" : "w6jk5o;",
  "indicator" : "Done"
},{
  "history_id" : "6B4PH4I8EnDMHw1pIZ",
  "history_input" : "ol8aa4-xsXR3;r41da2-1RVbu;wfd3c5-D5sjL;ftn2kp-ArgIY;",
  "history_output" : "hyirgo5hhpg;0ehfbbjssdm;ntsr84drlds;51nx47sn3rx;",
  "history_begin_time" : 1645752629515,
  "history_end_time" : 1645752691495,
  "history_notes" : null,
  "history_process" : "7mpetbqiwcnpyodzpfyp",
  "host_id" : "w6jk5o;",
  "indicator" : "Done"
},{
  "history_id" : "IxqufxXK7Ai1kdBV1p",
  "history_input" : "ol8aa4-xsXR3;r41da2-1RVbu;wfd3c5-D5sjL;ftn2kp-ArgIY;",
  "history_output" : "7zbn0l2s9us;a0vcbmm3gqp;it0bw6xnqas;jh21sts7lwa;",
  "history_begin_time" : 1645749194042,
  "history_end_time" : 1645749242690,
  "history_notes" : null,
  "history_process" : "7mpetbqiwcnpyodzpfyp",
  "host_id" : "w6jk5o;",
  "indicator" : "Done"
}]
