[{
  "history_id" : "4f88ikbf0dz",
  "history_input" : "#!/bin/bash\n\n#SBATCH --partition=normal                 # will run on any cpus in the 'normal' partition\n#SBATCH --job-name=python-cpu\n#SBATCH --output=python-cpu.%j.out\n#SBATCH --error=python-cpu.%j.err\n#SBATCH --nodes=1\n#SBATCH --cpus-per-task=1                   # up to 48 per node\n#SBATCH --mem-per-cpu=3500M                 # memory per CORE; maximum is 180GB per node\n#SBATCH --export=ALL\n#SBATCH --time=0-00:05:00                   # set to 1hr; please choose carefully\n\nset echo\numask 0027   \npython cmaq/text_to_csv_2021.py\nexit",
  "history_output" : "bash: ./geoweaver-WB76vGubo9xIb3GX8j8sre3UkM.sh: /bin/bash: bad interpreter: Text file busy\n",
  "history_begin_time" : 1645754888906,
  "history_end_time" : 1645754898136,
  "history_notes" : null,
  "history_process" : "ol8aa4",
  "host_id" : "w6jk5o",
  "indicator" : "Done"
},{
  "history_id" : "eqa91azcw75",
  "history_input" : "#!/bin/bash\n\n#SBATCH --partition=normal                 # will run on any cpus in the 'normal' partition\n#SBATCH --job-name=python-cpu\n#SBATCH --output=python-cpu.%j.out\n#SBATCH --error=python-cpu.%j.err\n#SBATCH --nodes=1\n#SBATCH --cpus-per-task=1                   # up to 48 per node\n#SBATCH --mem-per-cpu=3500M                 # memory per CORE; maximum is 180GB per node\n#SBATCH --export=ALL\n#SBATCH --time=0-00:05:00                   # set to 1hr; please choose carefully\n\nset echo\numask 0027\npython cmaq/text_to_csv_2020.py\nexit",
  "history_output" : "/bin/bash: ./geoweaver-WB76vGubo9xIb3GX8j8sre3UkM.sh: No such file or directory\nrm: cannot remove './geoweaver-WB76vGubo9xIb3GX8j8sre3UkM.sh': No such file or directory\n",
  "history_begin_time" : 1645754888672,
  "history_end_time" : 1645754898159,
  "history_notes" : null,
  "history_process" : "r41da2",
  "host_id" : "w6jk5o",
  "indicator" : "Done"
},{
  "history_id" : "sg0l7sck68g",
  "history_input" : "#!/bin/bash\n\n#SBATCH --partition=normal                 # will run on any cpus in the 'normal' partition\n#SBATCH --job-name=python-cpu\n#SBATCH --output=python-cpu.%j.out\n#SBATCH --error=python-cpu.%j.err\n#SBATCH --nodes=1\n#SBATCH --cpus-per-task=1                   # up to 48 per node\n#SBATCH --mem-per-cpu=3500M                 # memory per CORE; maximum is 180GB per node\n#SBATCH --export=ALL\n#SBATCH --time=0-00:05:00                   # set to 1hr; please choose carefully\n\nset echo\numask 0027\n\n\npython cmaq/exploratory_data_analysis.py\nexit",
  "history_output" : "running_preprocess\nTraceback (most recent call last):\n  File \"/home/mislam25/cmaq/exploratory_data_analysis.py\", line 34, in <module>\n    final=pd.read_csv('/home/mislam25/cmaq/merged_2020_2021.csv')\n  File \"/home/mislam25/anaconda3/lib/python3.9/site-packages/pandas/util/_decorators.py\", line 311, in wrapper\n    return func(*args, **kwargs)\n  File \"/home/mislam25/anaconda3/lib/python3.9/site-packages/pandas/io/parsers/readers.py\", line 586, in read_csv\n    return _read(filepath_or_buffer, kwds)\n  File \"/home/mislam25/anaconda3/lib/python3.9/site-packages/pandas/io/parsers/readers.py\", line 482, in _read\n    parser = TextFileReader(filepath_or_buffer, **kwds)\n  File \"/home/mislam25/anaconda3/lib/python3.9/site-packages/pandas/io/parsers/readers.py\", line 811, in __init__\n    self._engine = self._make_engine(self.engine)\n  File \"/home/mislam25/anaconda3/lib/python3.9/site-packages/pandas/io/parsers/readers.py\", line 1040, in _make_engine\n    return mapping[engine](self.f, **self.options)  # type: ignore[call-arg]\n  File \"/home/mislam25/anaconda3/lib/python3.9/site-packages/pandas/io/parsers/c_parser_wrapper.py\", line 51, in __init__\n    self._open_handles(src, kwds)\n  File \"/home/mislam25/anaconda3/lib/python3.9/site-packages/pandas/io/parsers/base_parser.py\", line 222, in _open_handles\n    self.handles = get_handle(\n  File \"/home/mislam25/anaconda3/lib/python3.9/site-packages/pandas/io/common.py\", line 702, in get_handle\n    handle = open(\nFileNotFoundError: [Errno 2] No such file or directory: '/home/mislam25/cmaq/merged_2020_2021.csv'\n",
  "history_begin_time" : 1645754899155,
  "history_end_time" : 1645754939516,
  "history_notes" : null,
  "history_process" : "wfd3c5",
  "host_id" : "w6jk5o",
  "indicator" : "Done"
},{
  "history_id" : "2hpk5p8mt5v",
  "history_input" : "#!/bin/bash\n\n#SBATCH --partition=normal                 # will run on any cpus in the 'normal' partition\n#SBATCH --job-name=python-cpu\n#SBATCH --output=python-cpu.%j.out\n#SBATCH --error=python-cpu.%j.err\n#SBATCH --nodes=1\n#SBATCH --cpus-per-task=1                   # up to 48 per node\n#SBATCH --mem-per-cpu=3500M                 # memory per CORE; maximum is 180GB per node\n#SBATCH --export=ALL\n#SBATCH --time=0-00:05:00                   # set to 1hr; please choose carefully\n\nset echo\numask 0027\n\n\npython cmaq/pre_processing.py\nexit",
  "history_output" : "running_preprocess\nTraceback (most recent call last):\n  File \"/home/mislam25/cmaq/pre_processing.py\", line 63, in <module>\n    df1 = pd.read_csv('/home/mislam25/cmaq/2020.csv')\n  File \"/home/mislam25/anaconda3/lib/python3.9/site-packages/pandas/util/_decorators.py\", line 311, in wrapper\n    return func(*args, **kwargs)\n  File \"/home/mislam25/anaconda3/lib/python3.9/site-packages/pandas/io/parsers/readers.py\", line 586, in read_csv\n    return _read(filepath_or_buffer, kwds)\n  File \"/home/mislam25/anaconda3/lib/python3.9/site-packages/pandas/io/parsers/readers.py\", line 482, in _read\n    parser = TextFileReader(filepath_or_buffer, **kwds)\n  File \"/home/mislam25/anaconda3/lib/python3.9/site-packages/pandas/io/parsers/readers.py\", line 811, in __init__\n    self._engine = self._make_engine(self.engine)\n  File \"/home/mislam25/anaconda3/lib/python3.9/site-packages/pandas/io/parsers/readers.py\", line 1040, in _make_engine\n    return mapping[engine](self.f, **self.options)  # type: ignore[call-arg]\n  File \"/home/mislam25/anaconda3/lib/python3.9/site-packages/pandas/io/parsers/c_parser_wrapper.py\", line 51, in __init__\n    self._open_handles(src, kwds)\n  File \"/home/mislam25/anaconda3/lib/python3.9/site-packages/pandas/io/parsers/base_parser.py\", line 222, in _open_handles\n    self.handles = get_handle(\n  File \"/home/mislam25/anaconda3/lib/python3.9/site-packages/pandas/io/common.py\", line 702, in get_handle\n    handle = open(\nFileNotFoundError: [Errno 2] No such file or directory: '/home/mislam25/cmaq/2020.csv'\n",
  "history_begin_time" : 1645754940508,
  "history_end_time" : 1645754959148,
  "history_notes" : null,
  "history_process" : "ftn2kp",
  "host_id" : "w6jk5o",
  "indicator" : "Done"
}]
