[{
  "id" : "ol8aa4",
  "name" : "text_to_csv_2021",
  "description" : null,
  "code" : "#!/bin/bash\n\n#SBATCH --partition=normal                 # will run on any cpus in the 'normal' partition\n#SBATCH --job-name=python-cpu\n#SBATCH --output=python-cpu.%j.out\n#SBATCH --error=python-cpu.%j.err\n#SBATCH --nodes=1\n#SBATCH --cpus-per-task=1                   # up to 48 per node\n#SBATCH --mem-per-cpu=3500M                 # memory per CORE; maximum is 180GB per node\n#SBATCH --export=ALL\n#SBATCH --time=0-00:05:00                   # set to 1hr; please choose carefully\n\nset echo\numask 0027   \npython cmaq/text_to_csv_2021.py\nexit",
  "lang" : "shell",
  "owner" : "111111",
  "confidential" : "FALSE"
},{
  "id" : "r41da2",
  "name" : "text_to_csv_2020",
  "description" : null,
  "code" : "#!/bin/bash\n\n#SBATCH --partition=normal                 # will run on any cpus in the 'normal' partition\n#SBATCH --job-name=python-cpu\n#SBATCH --output=python-cpu.%j.out\n#SBATCH --error=python-cpu.%j.err\n#SBATCH --nodes=1\n#SBATCH --cpus-per-task=1                   # up to 48 per node\n#SBATCH --mem-per-cpu=3500M                 # memory per CORE; maximum is 180GB per node\n#SBATCH --export=ALL\n#SBATCH --time=0-00:05:00                   # set to 1hr; please choose carefully\n\nset echo\numask 0027\npython cmaq/text_to_csv_2020.py\nexit",
  "lang" : "shell",
  "owner" : "111111",
  "confidential" : "FALSE"
},{
  "id" : "wfd3c5",
  "name" : "exploratotry_data_analysis",
  "description" : null,
  "code" : "#!/bin/bash\n\n#SBATCH --partition=normal                 # will run on any cpus in the 'normal' partition\n#SBATCH --job-name=python-cpu\n#SBATCH --output=python-cpu.%j.out\n#SBATCH --error=python-cpu.%j.err\n#SBATCH --nodes=1\n#SBATCH --cpus-per-task=1                   # up to 48 per node\n#SBATCH --mem-per-cpu=3500M                 # memory per CORE; maximum is 180GB per node\n#SBATCH --export=ALL\n#SBATCH --time=0-00:05:00                   # set to 1hr; please choose carefully\n\nset echo\numask 0027\n\n\npython cmaq/exploratory_data_analysis.py\nexit",
  "lang" : "shell",
  "owner" : "111111",
  "confidential" : "FALSE"
},{
  "id" : "ftn2kp",
  "name" : "pre_processing",
  "description" : null,
  "code" : "#!/bin/bash\n\n#SBATCH --partition=normal                 # will run on any cpus in the 'normal' partition\n#SBATCH --job-name=python-cpu\n#SBATCH --output=python-cpu.%j.out\n#SBATCH --error=python-cpu.%j.err\n#SBATCH --nodes=1\n#SBATCH --cpus-per-task=1                   # up to 48 per node\n#SBATCH --mem-per-cpu=3500M                 # memory per CORE; maximum is 180GB per node\n#SBATCH --export=ALL\n#SBATCH --time=0-00:05:00                   # set to 1hr; please choose carefully\n\nset echo\numask 0027\n\n\npython cmaq/pre_processing.py\nexit",
  "lang" : "shell",
  "owner" : "111111",
  "confidential" : "FALSE"
}]
