{
  "id" : "fsmtcbglml3hos1d5hn5",
  "name" : "explainable_ozone_regional_data",
  "description" : "",
  "owner" : "111111",
  "confidential" : "FALSE",
  "edges" : "[{\"source\":{\"title\":\"merging_socio_ruralatlasdata\",\"id\":\"z1nzuz-z3zE2\",\"x\":308,\"y\":372.5,\"color\":\"white\"},\"target\":{\"title\":\"exploratory_data_temporal alignment\",\"id\":\"yajwqt-mcwH0\",\"x\":693,\"y\":368.5,\"color\":\"white\"}},{\"source\":{\"title\":\"exploratory_data_temporal alignment\",\"id\":\"yajwqt-mcwH0\",\"x\":693,\"y\":368.5,\"color\":\"white\"},\"target\":{\"title\":\"summary_statistics\",\"id\":\"p9jw50-buFsT\",\"x\":554.336669921875,\"y\":490.8642883300781,\"color\":\"white\"}},{\"source\":{\"title\":\"summary_statistics\",\"id\":\"p9jw50-buFsT\",\"x\":554.336669921875,\"y\":490.8642883300781,\"color\":\"white\"},\"target\":{\"title\":\"correlation_analysis\",\"id\":\"kxf59u-d2xqY\",\"x\":870.4961547851562,\"y\":582.7955322265625,\"color\":\"white\"}}]",
  "nodes" : "[{\"title\":\"exploratory_data_temporal alignment\",\"id\":\"yajwqt-mcwH0\",\"x\":693,\"y\":368.5,\"color\":\"white\"},{\"title\":\"merging_socio_ruralatlasdata\",\"id\":\"z1nzuz-z3zE2\",\"x\":308,\"y\":372.5,\"color\":\"white\"},{\"title\":\"summary_statistics\",\"id\":\"p9jw50-buFsT\",\"x\":554.336669921875,\"y\":490.8642883300781,\"color\":\"white\"},{\"title\":\"correlation_analysis\",\"id\":\"kxf59u-d2xqY\",\"x\":870.4961547851562,\"y\":582.7955322265625,\"color\":\"white\"},{\"title\":\"XG_boost model ozone estimation\",\"id\":\"k0fm18-Bkcfu\",\"x\":438.96295166015625,\"y\":647.0119018554688}]"
}
