{
  "id" : "1cxyll5mrxgv1b0jbl0d",
  "name" : "cmaq_ai_0.5",
  "description" : "new_a",
  "owner" : "111111",
  "confidential" : "FALSE",
  "edges" : "[{\"source\":{\"title\":\"environment_setting\",\"id\":\"ennz3x-i0uVE\",\"x\":42.69294357299805,\"y\":321.7801818847656,\"color\":\"green\"},\"target\":{\"title\":\"text_to_csv_20_21\",\"id\":\"1wyqlm-I12Wa\",\"x\":210.58070373535156,\"y\":330.015869140625,\"color\":\"green\"}},{\"source\":{\"title\":\"text_to_csv_20_21\",\"id\":\"1wyqlm-I12Wa\",\"x\":210.58070373535156,\"y\":330.015869140625,\"color\":\"green\"},\"target\":{\"title\":\"preprocessing_training_data\",\"id\":\"kyfevh-MveK6\",\"x\":392.599609375,\"y\":337.1866912841797,\"color\":\"green\"}},{\"source\":{\"title\":\"preprocessing_training_data\",\"id\":\"kyfevh-MveK6\",\"x\":392.599609375,\"y\":337.1866912841797,\"color\":\"green\"},\"target\":{\"title\":\"training_xgboost\",\"id\":\"ykn4bh-4nPLy\",\"x\":553.4180297851562,\"y\":346.9656982421875,\"color\":\"green\"}},{\"source\":{\"title\":\"training_xgboost\",\"id\":\"ykn4bh-4nPLy\",\"x\":553.4180297851562,\"y\":346.9656982421875,\"color\":\"green\"},\"target\":{\"title\":\"prediction_xgboost\",\"id\":\"nlrst4-ds3Ba\",\"x\":805.2804412841797,\"y\":353.83477783203125,\"color\":\"blue\"}},{\"source\":{\"title\":\"prediction_xgboost\",\"id\":\"nlrst4-ds3Ba\",\"x\":805.2804412841797,\"y\":353.83477783203125,\"color\":\"blue\"},\"target\":{\"title\":\"prediction_visualization\",\"id\":\"nhpfyr-mNHwC\",\"x\":976.3524627685547,\"y\":361.6336364746094,\"color\":\"blue\"}},{\"source\":{\"title\":\"data_daily_CMAQ_ncl\",\"id\":\"3ymzeo-UyQzo\",\"x\":316.74888610839844,\"y\":72.04935455322266,\"color\":\"green\"},\"target\":{\"title\":\"data_daily_CMAQ_ncl\",\"id\":\"3ymzeo-tje5l\",\"x\":458.7887420654297,\"y\":142.40440368652344,\"color\":\"green\"}},{\"source\":{\"title\":\"data_daily_CMAQ_ncl\",\"id\":\"3ymzeo-tje5l\",\"x\":458.7887420654297,\"y\":142.40440368652344,\"color\":\"green\"},\"target\":{\"title\":\"text_to_csv_daily\",\"id\":\"vefwgw-HkxCs\",\"x\":575.2718200683594,\"y\":202.64955139160156,\"color\":\"green\"}},{\"source\":{\"title\":\"text_to_csv_daily\",\"id\":\"vefwgw-HkxCs\",\"x\":575.2718200683594,\"y\":202.64955139160156,\"color\":\"green\"},\"target\":{\"title\":\"pre_processing_test_data\",\"id\":\"gaxwis-solks\",\"x\":697.9246215820312,\"y\":257.1066131591797,\"color\":\"orange\"}},{\"source\":{\"title\":\"pre_processing_test_data\",\"id\":\"gaxwis-solks\",\"x\":697.9246215820312,\"y\":257.1066131591797,\"color\":\"orange\"},\"target\":{\"title\":\"prediction_xgboost\",\"id\":\"nlrst4-ds3Ba\",\"x\":805.2804412841797,\"y\":353.83477783203125,\"color\":\"blue\"}},{\"source\":{\"title\":\"sleep_c\",\"id\":\"zn4fot-L3u26\",\"x\":203.6211700439453,\"y\":-23.45791244506836,\"color\":\"green\"},\"target\":{\"title\":\"data_daily_CMAQ_ncl\",\"id\":\"3ymzeo-UyQzo\",\"x\":316.74888610839844,\"y\":72.04935455322266,\"color\":\"green\"}}]",
  "nodes" : "[{\"title\":\"environment_setting\",\"id\":\"ennz3x-i0uVE\",\"x\":42.69294357299805,\"y\":321.7801818847656,\"color\":\"green\"},{\"title\":\"text_to_csv_20_21\",\"id\":\"1wyqlm-I12Wa\",\"x\":210.58070373535156,\"y\":330.015869140625,\"color\":\"green\"},{\"title\":\"preprocessing_training_data\",\"id\":\"kyfevh-MveK6\",\"x\":392.599609375,\"y\":337.1866912841797,\"color\":\"green\"},{\"title\":\"training_xgboost\",\"id\":\"ykn4bh-4nPLy\",\"x\":553.4180297851562,\"y\":346.9656982421875,\"color\":\"green\"},{\"title\":\"data_daily_CMAQ_ncl\",\"id\":\"3ymzeo-UyQzo\",\"x\":316.74888610839844,\"y\":72.04935455322266,\"color\":\"green\"},{\"title\":\"data_daily_CMAQ_ncl\",\"id\":\"3ymzeo-tje5l\",\"x\":458.7887420654297,\"y\":142.40440368652344,\"color\":\"green\"},{\"title\":\"text_to_csv_daily\",\"id\":\"vefwgw-HkxCs\",\"x\":575.2718200683594,\"y\":202.64955139160156,\"color\":\"green\"},{\"title\":\"pre_processing_test_data\",\"id\":\"gaxwis-solks\",\"x\":697.9246215820312,\"y\":257.1066131591797,\"color\":\"orange\"},{\"title\":\"prediction_xgboost\",\"id\":\"nlrst4-ds3Ba\",\"x\":805.2804412841797,\"y\":353.83477783203125,\"color\":\"blue\"},{\"title\":\"prediction_visualization\",\"id\":\"nhpfyr-mNHwC\",\"x\":976.3524627685547,\"y\":361.6336364746094,\"color\":\"blue\"},{\"title\":\"sleep_c\",\"id\":\"zn4fot-L3u26\",\"x\":203.6211700439453,\"y\":-23.45791244506836,\"color\":\"green\"}]"
}
