{
  "id" : "fsmtcbglml3hos1d5hn5",
  "name" : "explainable_ozone_regional_data",
  "description" : "",
  "owner" : "111111",
  "confidential" : "FALSE",
  "edges" : "[{\"source\":{\"title\":\"merging_socio_ruralatlasdata\",\"id\":\"z1nzuz-z3zE2\",\"x\":308,\"y\":372.5},\"target\":{\"title\":\"exploratory_data_temporal alignment\",\"id\":\"yajwqt-mcwH0\",\"x\":693,\"y\":368.5}}]",
  "nodes" : "[{\"title\":\"exploratory_data_temporal alignment\",\"id\":\"yajwqt-mcwH0\",\"x\":693,\"y\":368.5},{\"title\":\"merging_socio_ruralatlasdata\",\"id\":\"z1nzuz-z3zE2\",\"x\":308,\"y\":372.5}]"
}
