[{
  "history_id" : "0qapsmc9820",
  "history_input" : "#!/bin/bash\n#SBATCH --partition=gpuq                    # the DGX only belongs in the 'gpu'  partition\n#SBATCH --qos=gpu                           # need to select 'gpu' QoS\n#SBATCH --job-name=python-gpu\n#SBATCH --output=python-gpu.%j.out\n#SBATCH --error=python-gpu.%j.err\n#SBATCH --nodes=1\n#SBATCH --ntasks-per-node=1                 # up to 128; \n#SBATCH --gres=gpu:A100.40gb:1              # up to 8; only request what you need\n#SBATCH --mem-per-cpu=3500M                 # memory per CORE; total memory is 1 TB (1,000,000 MB)\n#SBATCH --export=ALL \n#SBATCH --time=0-00:20:00                   # set to 1hr; please choose carefully\n\nset echo\numask 0027\n\n# to see ID and state of GPUs assigned  \npython environment_setting.py",
  "history_output" : null,
  "history_begin_time" : 1646769451543,
  "history_end_time" : 1646769451515,
  "history_notes" : null,
  "history_process" : "ennz3x",
  "host_id" : "vneyuq",
  "indicator" : "Running"
}]
