[{
  "history_id" : "wLpC9RJIJaL9pBYBFO",
  "history_input" : "ennz3x-i0uVE;1wyqlm-I12Wa;kyfevh-MveK6;ykn4bh-4nPLy;3ymzeo-UyQzo;3ymzeo-tje5l;vefwgw-HkxCs;gaxwis-solks;nlrst4-ds3Ba;nhpfyr-mNHwC;zn4fot-L3u26;",
  "history_output" : "lvaa9sx8my3;y0zcpe7cb4i;y125u8qp59f;vo2rd2uurvc;qze881xsgp3;ga5dhqrsv6l;17ncdp703qa;9eiutp4qore;m1z0ewfld86;rg6j5v4qqyt;cxrrfn8r8ow;",
  "history_begin_time" : 1646770350494,
  "history_end_time" : 1646770733323,
  "history_notes" : null,
  "history_process" : "1cxyll5mrxgv1b0jbl0d",
  "host_id" : "vneyuq;",
  "indicator" : "Running"
},{
  "history_id" : "WKfSQbVgF6JhQzsS2N",
  "history_input" : "ennz3x-i0uVE;1wyqlm-I12Wa;kyfevh-MveK6;ykn4bh-4nPLy;",
  "history_output" : "t98dhku1isj;402tp2mpvhh;9jnikv8d36e;kzcj55tavu6;",
  "history_begin_time" : 1646769898023,
  "history_end_time" : 1646770096851,
  "history_notes" : null,
  "history_process" : "1cxyll5mrxgv1b0jbl0d",
  "host_id" : "vneyuq;",
  "indicator" : "Done"
},{
  "history_id" : "SYQ9UVAZYLDxL2Go2F",
  "history_input" : "ennz3x-i0uVE;1wyqlm-I12Wa;kyfevh-MveK6;ykn4bh-4nPLy;3ymzeo-pXvuq;nlrst4-6srrZ;vefwgw-KHdXJ;zn4fot-MOFqc;gaxwis-EsFhS;",
  "history_output" : "claaukc8q14;jco1rxrw5wc;nk4ht39ybne;x2zd5xx16iu;6893f4ew45z;v2k4vui3u3e;qkmeq9avpzq;gpssk41hik3;7px6rymqw1y;",
  "history_begin_time" : 1646769588628,
  "history_end_time" : 1646769728543,
  "history_notes" : null,
  "history_process" : "1cxyll5mrxgv1b0jbl0d",
  "host_id" : "vneyuq;",
  "indicator" : "Running"
},{
  "history_id" : "1600EKqKMe5dnPyJTD",
  "history_input" : "ennz3x-i0uVE;1wyqlm-I12Wa;kyfevh-MveK6;ykn4bh-4nPLy;",
  "history_output" : "0qapsmc9820;g3rls5gm5sx;m2pg3gbh5ez;zr8wmcxocur;",
  "history_begin_time" : 1646769451421,
  "history_end_time" : 1646769451515,
  "history_notes" : null,
  "history_process" : "1cxyll5mrxgv1b0jbl0d",
  "host_id" : "vneyuq;",
  "indicator" : "Running"
},{
  "history_id" : "9Xm2h2G0DNDXkhaOnO",
  "history_input" : "ennz3x-i0uVE;1wyqlm-I12Wa;kyfevh-MveK6;ykn4bh-4nPLy;nlrst4-HzcSX;3ymzeo-G7nac;vefwgw-WJ3Ce;gaxwis-8OZum;zn4fot-s8qKg;",
  "history_output" : "tpruig1hdym;ca7xcju07te;zn02bqicuqu;ax95r96eave;eognf4a2s3w;t6gvlclwzkm;xk39ou79r2q;rmkasypoary;ldxw1czod2c;",
  "history_begin_time" : 1646769027046,
  "history_end_time" : 1646769337512,
  "history_notes" : null,
  "history_process" : "1cxyll5mrxgv1b0jbl0d",
  "host_id" : "vneyuq;",
  "indicator" : "Done"
},{
  "history_id" : "1JChvOS2VwsrTv5vpb",
  "history_input" : "ennz3x-i0uVE;1wyqlm-I12Wa;kyfevh-MveK6;ykn4bh-4nPLy;nlrst4-HzcSX;3ymzeo-G7nac;vefwgw-WJ3Ce;gaxwis-8OZum;zn4fot-s8qKg;",
  "history_output" : "gsssygoksn6;d48gsfrhl30;7v0hhc3p62u;0mvlos5tbmr;azdze2ofw5b;tnvb5uet12a;9kwqmp3ytly;2655zmtsxcw;tkuzpe4dw2b;",
  "history_begin_time" : 1646768756344,
  "history_end_time" : 1646768911695,
  "history_notes" : null,
  "history_process" : "1cxyll5mrxgv1b0jbl0d",
  "host_id" : "vneyuq;",
  "indicator" : "Running"
}]
