[{
  "history_id" : "claaukc8q14",
  "history_input" : "#!/bin/bash\n#SBATCH --partition=gpuq                    # the DGX only belongs in the 'gpu'  partition\n#SBATCH --qos=gpu                           # need to select 'gpu' QoS\n#SBATCH --job-name=python-gpu\n#SBATCH --output=python-gpu.%j.out\n#SBATCH --error=python-gpu.%j.err\n#SBATCH --nodes=1\n#SBATCH --ntasks-per-node=1                 # up to 128; \n#SBATCH --gres=gpu:A100.40gb:1              # up to 8; only request what you need\n#SBATCH --mem-per-cpu=3500M                 # memory per CORE; total memory is 1 TB (1,000,000 MB)\n#SBATCH --export=ALL \n#SBATCH --time=0-00:20:00                   # set to 1hr; please choose carefully\n\nset echo\numask 0027\n\n# to see ID and state of GPUs assigned  \npython environment_setting.py",
  "history_output" : "",
  "history_begin_time" : 1646769589473,
  "history_end_time" : 1646769669259,
  "history_notes" : null,
  "history_process" : "ennz3x",
  "host_id" : "vneyuq",
  "indicator" : "Done"
},{
  "history_id" : "jco1rxrw5wc",
  "history_input" : "#!/bin/bash\n#SBATCH --partition=gpuq                    # the DGX only belongs in the 'gpu'  partition\n#SBATCH --qos=gpu                           # need to select 'gpu' QoS\n#SBATCH --job-name=python-gpu\n#SBATCH --output=python-gpu.%j.out\n#SBATCH --error=python-gpu.%j.err\n#SBATCH --nodes=1\n#SBATCH --ntasks-per-node=1                 # up to 128; \n#SBATCH --gres=gpu:A100.40gb:1              # up to 8; only request what you need\n#SBATCH --mem-per-cpu=3500M                 # memory per CORE; total memory is 1 TB (1,000,000 MB)\n#SBATCH --export=ALL \n#SBATCH --time=0-00:20:00                   # set to 1hr; please choose carefully\n\nset echo\numask 0027\n\n# to see ID and state of GPUs assigned  \npython text_to_csv_20_21.py",
  "history_output" : " Copyright (C) 1995-2019 - All Rights Reserved\n University Corporation for Atmospheric Research\n NCAR Command Language Version 6.6.2\n The use of this software is governed by a License Agreement.\n See http://www.ncl.ucar.edu/ for more details.\n\n\nVariable: sdate\nType: integer\nTotal Size: 4 bytes\n            1 values\nNumber of Dimensions: 1\nDimensions and sizes:\t[1]\nCoordinates: \nNumber Of Attributes: 1\n  calendar :\tstandard\n(0)\t20220305\n",
  "history_begin_time" : 1646769670213,
  "history_end_time" : 1646769713429,
  "history_notes" : null,
  "history_process" : "1wyqlm",
  "host_id" : "vneyuq",
  "indicator" : "Done"
},{
  "history_id" : "nk4ht39ybne",
  "history_input" : "#!/bin/bash\n#SBATCH --partition=gpuq                    # the DGX only belongs in the 'gpu'  partition\n#SBATCH --qos=gpu                           # need to select 'gpu' QoS\n#SBATCH --job-name=python-gpu\n#SBATCH --output=python-gpu.%j.out\n#SBATCH --error=python-gpu.%j.err\n#SBATCH --nodes=1\n#SBATCH --ntasks-per-node=1                 # up to 128; \n#SBATCH --gres=gpu:A100.40gb:1              # up to 8; only request what you need\n#SBATCH --mem-per-cpu=3500M                 # memory per CORE; total memory is 1 TB (1,000,000 MB)\n#SBATCH --export=ALL \n#SBATCH --time=0-00:20:00                   # set to 1hr; please choose carefully\n\nset echo\numask 0027\n\n# to see ID and state of GPUs assigned\n  \npython preprocessing_training_data.py",
  "history_output" : "preprocess\nTraceback (most recent call last):\n  File \"/home/mislam25/gw-workspace/qqc56jx4UOoKdWQPULUW9QvFjc/preprocessing_training_data.py\", line 45, in <module>\n    df1 = pd.read_csv(home+'/cmaq/cmaq_2020_2021.csv')\n  File \"/home/mislam25/anaconda3/lib/python3.9/site-packages/pandas/util/_decorators.py\", line 311, in wrapper\n    return func(*args, **kwargs)\n  File \"/home/mislam25/anaconda3/lib/python3.9/site-packages/pandas/io/parsers/readers.py\", line 586, in read_csv\n    return _read(filepath_or_buffer, kwds)\n  File \"/home/mislam25/anaconda3/lib/python3.9/site-packages/pandas/io/parsers/readers.py\", line 482, in _read\n    parser = TextFileReader(filepath_or_buffer, **kwds)\n  File \"/home/mislam25/anaconda3/lib/python3.9/site-packages/pandas/io/parsers/readers.py\", line 811, in __init__\n    self._engine = self._make_engine(self.engine)\n  File \"/home/mislam25/anaconda3/lib/python3.9/site-packages/pandas/io/parsers/readers.py\", line 1040, in _make_engine\n    return mapping[engine](self.f, **self.options)  # type: ignore[call-arg]\n  File \"/home/mislam25/anaconda3/lib/python3.9/site-packages/pandas/io/parsers/c_parser_wrapper.py\", line 51, in __init__\n    self._open_handles(src, kwds)\n  File \"/home/mislam25/anaconda3/lib/python3.9/site-packages/pandas/io/parsers/base_parser.py\", line 222, in _open_handles\n    self.handles = get_handle(\n  File \"/home/mislam25/anaconda3/lib/python3.9/site-packages/pandas/io/common.py\", line 702, in get_handle\n    handle = open(\nFileNotFoundError: [Errno 2] No such file or directory: '/home/mislam25/cmaq/cmaq_2020_2021.csv'\n",
  "history_begin_time" : 1646769713618,
  "history_end_time" : 1646769764504,
  "history_notes" : null,
  "history_process" : "kyfevh",
  "host_id" : "vneyuq",
  "indicator" : "Done"
},{
  "history_id" : "x2zd5xx16iu",
  "history_input" : "#!/bin/bash\n#SBATCH --partition=gpuq                    # the DGX only belongs in the 'gpu'  partition\n#SBATCH --qos=gpu                           # need to select 'gpu' QoS\n#SBATCH --job-name=python-gpu\n#SBATCH --output=python-gpu.%j.out\n#SBATCH --error=python-gpu.%j.err\n#SBATCH --nodes=1\n#SBATCH --ntasks-per-node=1                 # up to 128; \n#SBATCH --gres=gpu:A100.40gb:1              # up to 8; only request what you need\n#SBATCH --mem-per-cpu=3500M                 # memory per CORE; total memory is 1 TB (1,000,000 MB)\n#SBATCH --export=ALL \n#SBATCH --time=0-00:20:00                   # set to 1hr; please choose carefully\n\nset echo\numask 0027\n\n# to see ID and state of GPUs assigned\n\npython training_xgboost.py",
  "history_output" : "Running",
  "history_begin_time" : 1646769764673,
  "history_end_time" : 1646769764657,
  "history_notes" : null,
  "history_process" : "ykn4bh",
  "host_id" : "vneyuq",
  "indicator" : "Running"
},{
  "history_id" : "6893f4ew45z",
  "history_input" : "#!/bin/bash\n#SBATCH --partition=gpuq                    # the DGX only belongs in the 'gpu'  partition\n#SBATCH --qos=gpu                           # need to select 'gpu' QoS\n#SBATCH --job-name=python-gpu\n#SBATCH --output=python-gpu.%j.out\n#SBATCH --error=python-gpu.%j.err\n#SBATCH --nodes=1\n#SBATCH --ntasks-per-node=1                 # up to 128; \n#SBATCH --gres=gpu:A100.40gb:1              # up to 8; only request what you need\n#SBATCH --mem-per-cpu=3500M                 # memory per CORE; total memory is 1 TB (1,000,000 MB)\n#SBATCH --export=ALL \n#SBATCH --time=0-00:20:00                   # set to 1hr; please choose carefully\n\nset echo\numask 0027\ncd ~/cmaq\nmodule load ncl\n# to see ID and state of GPUs assigned\ndateYesterday=$(date -d \"3 day ago\" '+%-d')\ndateMonth=$(date -d \"yesterday\" '+%-m')\nncl dateMonth=$dateMonth dateYesterday=$dateYesterday /groups/ESS/mislam25/cmaq12_airnow_O3.ncl\n",
  "history_output" : " Copyright (C) 1995-2019 - All Rights Reserved\n University Corporation for Atmospheric Research\n NCAR Command Language Version 6.6.2\n The use of this software is governed by a License Agreement.\n See http://www.ncl.ucar.edu/ for more details.\n\n\nVariable: sdate\nType: integer\nTotal Size: 4 bytes\n            1 values\nNumber of Dimensions: 1\nDimensions and sizes:\t[1]\nCoordinates: \nNumber Of Attributes: 1\n  calendar :\tstandard\n(0)\t20220305\n",
  "history_begin_time" : 1646769670214,
  "history_end_time" : 1646769713689,
  "history_notes" : null,
  "history_process" : "3ymzeo",
  "host_id" : "vneyuq",
  "indicator" : "Done"
},{
  "history_id" : "qkmeq9avpzq",
  "history_input" : "#!/bin/bash\n#SBATCH --partition=gpuq                    # the DGX only belongs in the 'gpu'  partition\n#SBATCH --qos=gpu                           # need to select 'gpu' QoS\n#SBATCH --job-name=python-gpu\n#SBATCH --output=python-gpu.%j.out\n#SBATCH --error=python-gpu.%j.err\n#SBATCH --nodes=1\n#SBATCH --ntasks-per-node=1                 # up to 128; \n#SBATCH --gres=gpu:A100.40gb:1              # up to 8; only request what you need\n#SBATCH --mem-per-cpu=3500M                 # memory per CORE; total memory is 1 TB (1,000,000 MB)\n#SBATCH --export=ALL \n#SBATCH --time=0-00:20:00                   # set to 1hr; please choose carefully\n\nset echo\numask 0027\n\n# to see ID and state of GPUs assigned\ncd\npython text_to_csv_daily.py",
  "history_output" : "C:\\Users\\didar\\gw-workspace\\temp\\qqc56jx4UOoKdWQPULUW9QvFjc.tar is not a regular file or directory",
  "history_begin_time" : 1646769714628,
  "history_end_time" : 1646769728423,
  "history_notes" : null,
  "history_process" : "vefwgw",
  "host_id" : "vneyuq",
  "indicator" : "Failed"
},{
  "history_id" : "gpssk41hik3",
  "history_input" : "#!/bin/bash\nsleep 50\n",
  "history_output" : "",
  "history_begin_time" : 1646769589474,
  "history_end_time" : 1646769669267,
  "history_notes" : null,
  "history_process" : "zn4fot",
  "host_id" : "vneyuq",
  "indicator" : "Done"
},{
  "history_id" : "7px6rymqw1y",
  "history_input" : "#!/bin/bash\n#SBATCH --partition=gpuq                    # the DGX only belongs in the 'gpu'  partition\n#SBATCH --qos=gpu                           # need to select 'gpu' QoS\n#SBATCH --job-name=python-gpu\n#SBATCH --output=python-gpu.%j.out\n#SBATCH --error=python-gpu.%j.err\n#SBATCH --nodes=1\n#SBATCH --ntasks-per-node=1                 # up to 128; \n#SBATCH --gres=gpu:A100.40gb:1              # up to 8; only request what you need\n#SBATCH --mem-per-cpu=3500M                 # memory per CORE; total memory is 1 TB (1,000,000 MB)\n#SBATCH --export=ALL \n#SBATCH --time=0-00:20:00                   # set to 1hr; please choose carefully\n\nset echo\numask 0027\n\n# to see ID and state of GPUs assigned\n\npython pre_processing.py",
  "history_output" : "tar: /home/mislam25/qqc56jx4UOoKdWQPULUW9QvFjc.tar: Cannot open: No such file or directory\ntar: Error is not recoverable: exiting now\nIntel MKL FATAL ERROR: Cannot load /home/mislam25/anaconda3/lib/python3.9/site-packages/mkl/../../../libmkl_core.so.1.\n",
  "history_begin_time" : 1646769728543,
  "history_end_time" : 1646769765090,
  "history_notes" : null,
  "history_process" : "gaxwis",
  "host_id" : "vneyuq",
  "indicator" : "Done"
}]
